timestamp,close,open,high,low,volume
2025-10-24 06:01:17.613,0.011042298443300158,0.011042298443300158,0.011042298443300158,0.011042298443300158,57304768.87612691
2025-10-24 07:01:30.244,0.011038774253568511,0.011038774253568511,0.011038774253568511,0.011038774253568511,56121630.07615652
2025-10-24 08:01:26.354,0.010968101240292466,0.010968101240292466,0.010968101240292466,0.010968101240292466,56598084.42937186
2025-10-24 09:02:01.444,0.011013478539130806,0.011013478539130806,0.011013478539130806,0.011013478539130806,55444058.20369338
2025-10-24 10:01:18.901,0.010963408100164345,0.010963408100164345,0.010963408100164345,0.010963408100164345,54640195.90239861
2025-10-24 11:01:45.611,0.01090720323982516,0.01090720323982516,0.01090720323982516,0.01090720323982516,53628473.27833329
2025-10-24 12:01:06.887,0.010895546423820361,0.010895546423820361,0.010895546423820361,0.010895546423820361,53357056.87426649
2025-10-24 13:01:28.652,0.011023246855932122,0.011023246855932122,0.011023246855932122,0.011023246855932122,50092669.202050485
2025-10-24 14:01:16.918,0.010928018337226548,0.010928018337226548,0.010928018337226548,0.010928018337226548,50055954.52798907
2025-10-24 15:01:10.360,0.01083947827991914,0.01083947827991914,0.01083947827991914,0.01083947827991914,49315787.369253345
2025-10-24 16:01:37.501,0.010871916299795075,0.010871916299795075,0.010871916299795075,0.010871916299795075,54485283.871797144
2025-10-24 17:01:33.084,0.010833463624780883,0.010833463624780883,0.010833463624780883,0.010833463624780883,53970349.80628549
2025-10-24 18:01:30.528,0.010936797787793358,0.010936797787793358,0.010936797787793358,0.010936797787793358,52962978.07207608
2025-10-24 19:01:30.279,0.011017507883557768,0.011017507883557768,0.011017507883557768,0.011017507883557768,52180466.552253686
2025-10-24 20:00:06.847,0.011121063761713847,0.011121063761713847,0.011121063761713847,0.011121063761713847,45736861.95565844
2025-10-24 21:01:50.783,0.011091110859842736,0.011091110859842736,0.011091110859842736,0.011091110859842736,46861237.1060082
2025-10-24 22:01:06.566,0.011127463561969165,0.011127463561969165,0.011127463561969165,0.011127463561969165,51398806.15773835
2025-10-24 23:01:57.503,0.011168217939835858,0.011168217939835858,0.011168217939835858,0.011168217939835858,51602259.1521537
2025-10-25 00:01:34.564,0.011163725547195448,0.011163725547195448,0.011163725547195448,0.011163725547195448,51320446.79981123
2025-10-25 01:01:43.087,0.01111511025284307,0.01111511025284307,0.01111511025284307,0.01111511025284307,53184978.47200081
2025-10-25 02:01:11.090,0.011108785506574802,0.011108785506574802,0.011108785506574802,0.011108785506574802,52848241.12400109
2025-10-25 03:01:18.852,0.011139315405891788,0.011139315405891788,0.011139315405891788,0.011139315405891788,53178703.027025275
2025-10-25 04:01:32.839,0.011080210671357494,0.011080210671357494,0.011080210671357494,0.011080210671357494,46329858.88813043
2025-10-25 05:00:18.037,0.011156873580124228,0.011156873580124228,0.011156873580124228,0.011156873580124228,51754828.98789333
2025-10-25 06:00:19.991,0.01106299654038937,0.01106299654038937,0.01106299654038937,0.01106299654038937,51589978.27788706
2025-10-25 07:00:17.874,0.011015092943893908,0.011015092943893908,0.011015092943893908,0.011015092943893908,44515080.12116033
2025-10-25 08:01:11.200,0.011018435019164309,0.011018435019164309,0.011018435019164309,0.011018435019164309,44467522.84803244
2025-10-25 09:01:18.740,0.011072602642783735,0.011072602642783735,0.011072602642783735,0.011072602642783735,49644585.026592955
2025-10-25 10:01:18.812,0.01106718203722283,0.01106718203722283,0.01106718203722283,0.01106718203722283,51624028.669870526
2025-10-25 11:00:27.097,0.01105118900953241,0.01105118900953241,0.01105118900953241,0.01105118900953241,51034727.401681855
2025-10-25 12:00:27.094,0.011073488459750853,0.011073488459750853,0.011073488459750853,0.011073488459750853,50502548.47598201
2025-10-25 13:02:03.129,0.011148948589598046,0.011148948589598046,0.011148948589598046,0.011148948589598046,46699460.72160543
2025-10-25 14:01:28.483,0.011109344380986916,0.011109344380986916,0.011109344380986916,0.011109344380986916,46281536.81121379
2025-10-25 15:01:08.106,0.011176855536208462,0.011176855536208462,0.011176855536208462,0.011176855536208462,39603663.417368144
2025-10-25 16:01:10.220,0.011184732875756125,0.011184732875756125,0.011184732875756125,0.011184732875756125,45004108.322153576
2025-10-25 17:01:25.967,0.01113214919322518,0.01113214919322518,0.01113214919322518,0.01113214919322518,44927449.85700026
2025-10-25 18:02:02.719,0.011123967555992357,0.011123967555992357,0.011123967555992357,0.011123967555992357,41908253.27215708
2025-10-25 19:00:23.131,0.011172602839068853,0.011172602839068853,0.011172602839068853,0.011172602839068853,42667038.176889576
2025-10-25 20:01:50.889,0.011163722063688836,0.011163722063688836,0.011163722063688836,0.011163722063688836,36025315.8473766
2025-10-25 21:01:39.193,0.011143223597304481,0.011143223597304481,0.011143223597304481,0.011143223597304481,40884872.06855922
2025-10-25 22:01:58.396,0.011082736007883039,0.011082736007883039,0.011082736007883039,0.011082736007883039,40536741.42231732
2025-10-25 23:01:19.374,0.011144517605843582,0.011144517605843582,0.011144517605843582,0.011144517605843582,33757600.866711535
2025-10-26 00:01:58.756,0.011058046592756882,0.011058046592756882,0.011058046592756882,0.011058046592756882,39531506.06420644
2025-10-26 01:01:30.348,0.011078822541110011,0.011078822541110011,0.011078822541110011,0.011078822541110011,39617040.51958971
2025-10-26 02:01:00.237,0.010971432996094427,0.010971432996094427,0.010971432996094427,0.010971432996094427,40034523.420689605
2025-10-26 03:01:58.366,0.010938789528511447,0.010938789528511447,0.010938789528511447,0.010938789528511447,40124432.48600303
2025-10-26 04:01:02.701,0.010928703206217432,0.010928703206217432,0.010928703206217432,0.010928703206217432,39644197.11407836
2025-10-26 05:01:25.977,0.010981987380871711,0.010981987380871711,0.010981987380871711,0.010981987380871711,32995067.189758822
2025-10-26 06:01:10.606,0.011026981779830997,0.011026981779830997,0.011026981779830997,0.011026981779830997,37933384.05751128
2025-10-26 07:01:14.266,0.011006800822833326,0.011006800822833326,0.011006800822833326,0.011006800822833326,37036195.70134108
2025-10-26 08:01:18.220,0.011117758239267571,0.011117758239267571,0.011117758239267571,0.011117758239267571,33003079.83871816
2025-10-26 09:01:38.918,0.011120903050539154,0.011120903050539154,0.011120903050539154,0.011120903050539154,36910125.048390806
2025-10-26 10:01:10.550,0.011216781431410078,0.011216781431410078,0.011216781431410078,0.011216781431410078,38679280.52920402
2025-10-26 11:02:08.646,0.011198467779299002,0.011198467779299002,0.011198467779299002,0.011198467779299002,38431115.33035145
2025-10-26 12:00:33.800,0.011347444419458785,0.011347444419458785,0.011347444419458785,0.011347444419458785,39686274.211321786
2025-10-26 13:00:39.107,0.011363542756955917,0.011363542756955917,0.011363542756955917,0.011363542756955917,37174554.33980563
2025-10-26 14:01:08.715,0.011401025669940782,0.011401025669940782,0.011401025669940782,0.011401025669940782,41377519.383049585
2025-10-26 15:02:10.771,0.011370972002772274,0.011370972002772274,0.011370972002772274,0.011370972002772274,42828426.519822404
2025-10-26 16:01:41.426,0.01146159885837286,0.01146159885837286,0.01146159885837286,0.01146159885837286,44226417.5465353
2025-10-26 17:06:44.557,0.011388519562659901,0.011388519562659901,0.011388519562659901,0.011388519562659901,45148975.71526296
2025-10-26 18:00:11.925,0.011417513763142527,0.011417513763142527,0.011417513763142527,0.011417513763142527,45243071.854896344
2025-10-26 19:02:23.915,0.011432314914537441,0.011432314914537441,0.011432314914537441,0.011432314914537441,45466693.05345627
2025-10-26 20:06:45.076,0.01139385908742476,0.01139385908742476,0.01139385908742476,0.01139385908742476,45355975.58785267
2025-10-26 21:00:07.248,0.011325485768926457,0.011325485768926457,0.011325485768926457,0.011325485768926457,46397567.946238354
2025-10-26 22:02:12.222,0.01138045314051628,0.01138045314051628,0.01138045314051628,0.01138045314051628,47223110.40927769
2025-10-26 23:01:39.504,0.011567099348109644,0.011567099348109644,0.011567099348109644,0.011567099348109644,49962229.18662451
2025-10-27 00:02:12.912,0.011456321806282964,0.011456321806282964,0.011456321806282964,0.011456321806282964,49798407.89955552
2025-10-27 01:01:26.859,0.01153635936340217,0.01153635936340217,0.01153635936340217,0.01153635936340217,45770031.88804101
2025-10-27 02:01:22.920,0.011597046764124134,0.011597046764124134,0.011597046764124134,0.011597046764124134,50800912.46061103
2025-10-27 03:01:13.503,0.011547293950357997,0.011547293950357997,0.011547293950357997,0.011547293950357997,50761891.66904551
2025-10-27 04:02:01.497,0.011539837418428693,0.011539837418428693,0.011539837418428693,0.011539837418428693,50907981.636155285
2025-10-27 05:00:21.257,0.011560286590915946,0.011560286590915946,0.011560286590915946,0.011560286590915946,51688977.97016235
2025-10-27 06:00:22.571,0.011553123182178247,0.011553123182178247,0.011553123182178247,0.011553123182178247,52015260.00988903
2025-10-27 07:02:19.169,0.011541796016924673,0.011541796016924673,0.011541796016924673,0.011541796016924673,53500113.26792236
2025-10-27 08:00:29.923,0.011437382651782197,0.011437382651782197,0.011437382651782197,0.011437382651782197,54662527.18332516
2025-10-27 09:00:30.891,0.011376406713799712,0.011376406713799712,0.011376406713799712,0.011376406713799712,55962517.273661725
2025-10-27 10:06:13.235,0.011283676701544074,0.011283676701544074,0.011283676701544074,0.011283676701544074,55744561.314190336
2025-10-27 11:01:04.268,0.011293074209304007,0.011293074209304007,0.011293074209304007,0.011293074209304007,51071823.65261319
2025-10-27 12:01:03.853,0.011305209871956871,0.011305209871956871,0.011305209871956871,0.011305209871956871,55256335.15621875
2025-10-27 13:01:52.979,0.011232802651240478,0.011232802651240478,0.011232802651240478,0.011232802651240478,49053880.71130685
2025-10-27 14:02:15.132,0.011223545017439529,0.011223545017439529,0.011223545017439529,0.011223545017439529,54614145.05436288
2025-10-27 15:01:58.626,0.011150744990903128,0.011150744990903128,0.011150744990903128,0.011150744990903128,54765782.15013976
2025-10-27 16:01:36.991,0.0112182924940446,0.0112182924940446,0.0112182924940446,0.0112182924940446,50763168.97376632
2025-10-27 17:01:11.254,0.011403034347769053,0.011403034347769053,0.011403034347769053,0.011403034347769053,55050202.600795306
2025-10-27 18:01:29.931,0.01146808178707653,0.01146808178707653,0.01146808178707653,0.01146808178707653,55881905.792283304
2025-10-27 19:00:37.786,0.011457172256112527,0.011457172256112527,0.011457172256112527,0.011457172256112527,56878170.53596781
2025-10-27 20:01:32.060,0.011333115668608808,0.011333115668608808,0.011333115668608808,0.011333115668608808,57699894.26430687
2025-10-27 21:00:00.318,0.01123880876620451,0.01123880876620451,0.01123880876620451,0.01123880876620451,58310111.956980065
2025-10-27 22:00:24.837,0.011294783056261026,0.011294783056261026,0.011294783056261026,0.011294783056261026,58696505.2855892
2025-10-27 23:00:49.618,0.01119151398651819,0.01119151398651819,0.01119151398651819,0.01119151398651819,56104155.76122889
2025-10-28 00:01:26.584,0.011206449751479079,0.011206449751479079,0.011206449751479079,0.011206449751479079,56414269.38270049
2025-10-28 01:05:51.506,0.011226904781775454,0.011226904781775454,0.011226904781775454,0.011226904781775454,56947478.499692254
2025-10-28 02:01:43.559,0.011252527347659263,0.011252527347659263,0.011252527347659263,0.011252527347659263,56897255.18340572
2025-10-28 03:01:01.978,0.01113222920119045,0.01113222920119045,0.01113222920119045,0.01113222920119045,52483656.59830685
2025-10-28 04:02:03.867,0.011034434560994394,0.011034434560994394,0.011034434560994394,0.011034434560994394,57278691.84109608
2025-10-28 05:01:06.619,0.011131355947645107,0.011131355947645107,0.011131355947645107,0.011131355947645107,58863602.63983227
2025-10-28 06:01:09.502,0.010997061007523961,0.010997061007523961,0.010997061007523961,0.010997061007523961,59269541.93393687
2025-10-28 07:02:14.600,0.01122905356649096,0.01122905356649096,0.01122905356649096,0.01122905356649096,60636316.62053106
2025-10-28 08:01:17.088,0.011096572530894787,0.011096572530894787,0.011096572530894787,0.011096572530894787,60671173.75865583
2025-10-28 09:01:06.747,0.011156750905281282,0.011156750905281282,0.011156750905281282,0.011156750905281282,58448327.81609867
2025-10-28 10:01:22.537,0.011166533596016645,0.011166533596016645,0.011166533596016645,0.011166533596016645,58502029.69509251
2025-10-28 11:01:05.807,0.011122334026646351,0.011122334026646351,0.011122334026646351,0.011122334026646351,58854006.91391732
2025-10-28 12:02:17.094,0.011109608220917638,0.011109608220917638,0.011109608220917638,0.011109608220917638,59335443.49381075
2025-10-28 13:01:00.677,0.01120395351733539,0.01120395351733539,0.01120395351733539,0.01120395351733539,61816043.965143204
2025-10-28 14:01:21.598,0.011283498566441468,0.011283498566441468,0.011283498566441468,0.011283498566441468,62696452.282394454
2025-10-28 15:00:21.344,0.011106848635259637,0.011106848635259637,0.011106848635259637,0.011106848635259637,65991472.38810135
2025-10-28 16:01:07.303,0.011105728344208709,0.011105728344208709,0.011105728344208709,0.011105728344208709,68185326.55902831
2025-10-28 17:02:08.596,0.011186181350707461,0.011186181350707461,0.011186181350707461,0.011186181350707461,69706586.48026757
2025-10-28 18:01:20.193,0.011166142370275224,0.011166142370275224,0.011166142370275224,0.011166142370275224,70210108.99194339
2025-10-28 19:02:04.369,0.01108388165507163,0.01108388165507163,0.01108388165507163,0.01108388165507163,71110198.46041216
2025-10-28 20:00:59.098,0.010900929719995818,0.010900929719995818,0.010900929719995818,0.010900929719995818,72607018.37939164
2025-10-28 21:00:17.333,0.010736319797006493,0.010736319797006493,0.010736319797006493,0.010736319797006493,76834001.79867859
2025-10-28 22:06:17.496,0.010714527449558937,0.010714527449558937,0.010714527449558937,0.010714527449558937,80153965.65915062
2025-10-28 23:01:59.396,0.010814775094865095,0.010814775094865095,0.010814775094865095,0.010814775094865095,81751251.9051098
2025-10-29 00:01:12.619,0.010778601510808372,0.010778601510808372,0.010778601510808372,0.010778601510808372,76766451.18924479
2025-10-29 01:06:30.539,0.01075830782780601,0.01075830782780601,0.01075830782780601,0.01075830782780601,83799939.5636146
2025-10-29 02:01:30.400,0.010769807952208232,0.010769807952208232,0.010769807952208232,0.010769807952208232,85498238.56376404
2025-10-29 03:01:29.479,0.010783179797600885,0.010783179797600885,0.010783179797600885,0.010783179797600885,80282485.34078465
2025-10-29 04:01:29.669,0.010737631199330208,0.010737631199330208,0.010737631199330208,0.010737631199330208,84841507.85114026
2025-10-29 05:01:25.909,0.010768709926340042,0.010768709926340042,0.010768709926340042,0.010768709926340042,84231171.94034727
2025-10-29 06:02:06.036,0.010808019274752478,0.010808019274752478,0.010808019274752478,0.010808019274752478,84015831.8920678
2025-10-29 07:01:20.785,0.010830158106603984,0.010830158106603984,0.010830158106603984,0.010830158106603984,83594936.59464495
2025-10-29 08:00:33.401,0.010808272931738317,0.010808272931738317,0.010808272931738317,0.010808272931738317,81898722.42569081
2025-10-29 09:02:01.935,0.010778043039519987,0.010778043039519987,0.010778043039519987,0.010778043039519987,81839491.87538
2025-10-29 10:01:10.935,0.01081981680414827,0.01081981680414827,0.01081981680414827,0.01081981680414827,82211836.43939993
2025-10-29 11:02:09.802,0.010934005853216182,0.010934005853216182,0.010934005853216182,0.010934005853216182,82026818.08481361
2025-10-29 12:02:38.434,0.010957876043696189,0.010957876043696189,0.010957876043696189,0.010957876043696189,80320009.37300839
2025-10-29 13:04:16.276,0.010948673742983027,0.010948673742983027,0.010948673742983027,0.010948673742983027,78900852.87604795
2025-10-29 14:01:38.878,0.010967443909721196,0.010967443909721196,0.010967443909721196,0.010967443909721196,72377734.11128369
2025-10-29 15:00:40.653,0.010943378985094622,0.010943378985094622,0.010943378985094622,0.010943378985094622,73396487.88846911
2025-10-29 16:01:59.911,0.010773733304162742,0.010773733304162742,0.010773733304162742,0.010773733304162742,71640260.03029977
2025-10-29 17:01:23.308,0.01082831358876028,0.01082831358876028,0.01082831358876028,0.01082831358876028,68543336.96642463
2025-10-29 18:01:24.368,0.011061369328495895,0.011061369328495895,0.011061369328495895,0.011061369328495895,68813208.29875396
2025-10-29 19:02:36.025,0.011033109858117524,0.011033109858117524,0.011033109858117524,0.011033109858117524,77695601.83094852
2025-10-29 20:01:37.652,0.011048166025397248,0.011048166025397248,0.011048166025397248,0.011048166025397248,79320658.69413178
2025-10-29 21:01:26.403,0.011148607826392766,0.011148607826392766,0.011148607826392766,0.011148607826392766,76104360.41243398
2025-10-29 22:01:33.827,0.011117285648422378,0.011117285648422378,0.011117285648422378,0.011117285648422378,72975504.37956575
2025-10-29 23:02:08.533,0.01101441494365669,0.01101441494365669,0.01101441494365669,0.01101441494365669,70120253.18271877
2025-10-30 00:02:35.495,0.01078071197109098,0.01078071197109098,0.01078071197109098,0.01078071197109098,69418775.29508325
2025-10-30 01:06:03.853,0.010844420217229934,0.010844420217229934,0.010844420217229934,0.010844420217229934,68763758.56039286
2025-10-30 02:01:24.362,0.010831148930108558,0.010831148930108558,0.010831148930108558,0.010831148930108558,67152426.57911988
2025-10-30 03:00:30.810,0.010883954512483257,0.010883954512483257,0.010883954512483257,0.010883954512483257,66508580.14805294
2025-10-30 04:01:01.614,0.010815982320011042,0.010815982320011042,0.010815982320011042,0.010815982320011042,67267377.95014457
2025-10-30 05:07:15.743,0.010518895169064752,0.010518895169064752,0.010518895169064752,0.010518895169064752,72350048.38840394
2025-10-30 06:00:34.301,0.010700308845028698,0.010700308845028698,0.010700308845028698,0.010700308845028698,72046795.10379006
2025-10-30 07:00:39.795,0.010686582301473945,0.010686582301473945,0.010686582301473945,0.010686582301473945,71953606.43468693
2025-10-30 08:01:03.217,0.010732550325249807,0.010732550325249807,0.010732550325249807,0.010732550325249807,73995431.86675301
2025-10-30 09:01:08.821,0.010601170697002232,0.010601170697002232,0.010601170697002232,0.010601170697002232,74244419.51709697
2025-10-30 10:00:53.436,0.010511475835231628,0.010511475835231628,0.010511475835231628,0.010511475835231628,74036903.96149044
2025-10-30 11:00:31.520,0.01045518543979325,0.01045518543979325,0.01045518543979325,0.01045518543979325,74935073.32660651
2025-10-30 12:01:54.233,0.010403258884573304,0.010403258884573304,0.010403258884573304,0.010403258884573304,75997481.38805433
2025-10-30 13:01:25.940,0.010192307553954815,0.010192307553954815,0.010192307553954815,0.010192307553954815,78986044.47182703
2025-10-30 14:01:43.971,0.010080841606356968,0.010080841606356968,0.010080841606356968,0.010080841606356968,81974163.68825127
2025-10-30 15:00:13.717,0.010006311061572952,0.010006311061572952,0.010006311061572952,0.010006311061572952,84480172.09430814
2025-10-30 16:01:12.508,0.009860030562448344,0.009860030562448344,0.009860030562448344,0.009860030562448344,85310965.08189479
2025-10-30 17:01:31.457,0.00986542976069355,0.00986542976069355,0.00986542976069355,0.00986542976069355,88141876.80494769
2025-10-30 18:01:30.201,0.009714504179691247,0.009714504179691247,0.009714504179691247,0.009714504179691247,90951050.42061745
2025-10-30 19:00:33.600,0.00962515044319602,0.00962515044319602,0.00962515044319602,0.00962515044319602,81872793.74677123
2025-10-30 20:02:20.941,0.009542609986315408,0.009542609986315408,0.009542609986315408,0.009542609986315408,80488096.18339458
2025-10-30 21:14:48.214,0.00963931984894063,0.00963931984894063,0.00963931984894063,0.00963931984894063,81673149.33763725
2025-10-30 22:01:41.913,0.00970606220801492,0.00970606220801492,0.00970606220801492,0.00970606220801492,82505860.09777158
2025-10-30 23:01:01.075,0.009739351242501222,0.009739351242501222,0.009739351242501222,0.009739351242501222,82238140.05743401
2025-10-31 00:01:40.608,0.009885773764199222,0.009885773764199222,0.009885773764199222,0.009885773764199222,83040815.08774616
2025-10-31 01:01:56.395,0.010036684583424885,0.010036684583424885,0.010036684583424885,0.010036684583424885,85134264.21799122
2025-10-31 02:01:02.199,0.010143006289029725,0.010143006289029725,0.010143006289029725,0.010143006289029725,85572893.88115391
2025-10-31 03:01:59.108,0.010104853094502736,0.010104853094502736,0.010104853094502736,0.010104853094502736,87083501.09323378
2025-10-31 04:01:04.711,0.01008667849149553,0.01008667849149553,0.01008667849149553,0.01008667849149553,87076999.51347049
2025-10-31 05:01:04.990,0.010157627169465326,0.010157627169465326,0.010157627169465326,0.010157627169465326,82222388.50147772
2025-10-31 06:01:18.333,0.010088140523185221,0.010088140523185221,0.010088140523185221,0.010088140523185221,81391915.8306742
2025-10-31 07:01:16.137,0.010059751855658881,0.010059751855658881,0.010059751855658881,0.010059751855658881,81348289.64133757
2025-10-31 08:00:10.143,0.010056336600648991,0.010056336600648991,0.010056336600648991,0.010056336600648991,81497718.36992455
2025-10-31 09:01:32.235,0.010054285432270205,0.010054285432270205,0.010054285432270205,0.010054285432270205,81012991.72960143
2025-10-31 10:07:09.238,0.010046907150360555,0.010046907150360555,0.010046907150360555,0.010046907150360555,80679515.24946746
2025-10-31 11:00:42.944,0.010042083848346558,0.010042083848346558,0.010042083848346558,0.010042083848346558,80201258.59903184
2025-10-31 12:01:36.322,0.010088132479438995,0.010088132479438995,0.010088132479438995,0.010088132479438995,80014718.23816977
2025-10-31 13:00:51.543,0.010081293673506301,0.010081293673506301,0.010081293673506301,0.010081293673506301,76753815.91634889
2025-10-31 14:00:33.849,0.010086216762341376,0.010086216762341376,0.010086216762341376,0.010086216762341376,69229342.06682464
2025-10-31 15:02:48.157,0.010127484647776854,0.010127484647776854,0.010127484647776854,0.010127484647776854,72328793.85397801
2025-10-31 16:00:53.026,0.010134178223920967,0.010134178223920967,0.010134178223920967,0.010134178223920967,69921835.42665967
2025-10-31 17:00:52.698,0.009957536336062658,0.009957536336062658,0.009957536336062658,0.009957536336062658,68734038.31821543
2025-10-31 18:01:35.545,0.009915792770714872,0.009915792770714872,0.009915792770714872,0.009915792770714872,65591114.816140935
2025-10-31 19:00:34.804,0.009978050594906177,0.009978050594906177,0.009978050594906177,0.009978050594906177,65903766.32009617
2025-10-31 20:01:20.929,0.010168055268229457,0.010168055268229457,0.010168055268229457,0.010168055268229457,60327834.022656225
2025-10-31 21:01:16.453,0.0100244741549706,0.0100244741549706,0.0100244741549706,0.0100244741549706,63094932.22463415
2025-10-31 22:01:58.471,0.010053807360420103,0.010053807360420103,0.010053807360420103,0.010053807360420103,62605136.66479213
2025-10-31 23:01:11.635,0.01006835749269923,0.01006835749269923,0.01006835749269923,0.01006835749269923,61589781.66818494
2025-11-01 00:01:04.532,0.01005262239814649,0.01005262239814649,0.01005262239814649,0.01005262239814649,59696530.16752378
2025-11-01 01:00:43.240,0.010079562027336982,0.010079562027336982,0.010079562027336982,0.010079562027336982,58351433.754833244
2025-11-01 02:01:51.178,0.010065413029111115,0.010065413029111115,0.010065413029111115,0.010065413029111115,57753334.011651464
2025-11-01 03:01:34.677,0.010077737836644379,0.010077737836644379,0.010077737836644379,0.010077737836644379,56535979.25057058
2025-11-01 04:02:17.184,0.010084884431504208,0.010084884431504208,0.010084884431504208,0.010084884431504208,55797054.57505324
2025-11-01 05:00:59.751,0.010021560754806196,0.010021560754806196,0.010021560754806196,0.010021560754806196,53832656.156951316
2025-11-01 06:00:51.173,0.009996566286212743,0.009996566286212743,0.009996566286212743,0.009996566286212743,53938301.6256336
2025-11-01 07:01:40.729,0.010010462489363279,0.010010462489363279,0.010010462489363279,0.010010462489363279,53134414.22656693
2025-11-01 08:01:41.117,0.010175733725149247,0.010175733725149247,0.010175733725149247,0.010175733725149247,53863024.93004277
2025-11-01 09:01:07.048,0.010292416750823881,0.010292416750823881,0.010292416750823881,0.010292416750823881,54441375.46418192
2025-11-01 10:01:05.283,0.010227198164293409,0.010227198164293409,0.010227198164293409,0.010227198164293409,54437851.67465801
2025-11-01 11:07:23.074,0.010288602804595657,0.010288602804595657,0.010288602804595657,0.010288602804595657,54456046.85685557
2025-11-01 12:00:41.018,0.010299938906111144,0.010299938906111144,0.010299938906111144,0.010299938906111144,54871595.308386765
2025-11-01 13:00:23.325,0.010342083925481516,0.010342083925481516,0.010342083925481516,0.010342083925481516,54734462.417461716
2025-11-01 14:07:03.055,0.010340387191421078,0.010340387191421078,0.010340387191421078,0.010340387191421078,54989471.18120051
2025-11-01 15:06:23.104,0.010268578925086778,0.010268578925086778,0.010268578925086778,0.010268578925086778,54064910.02108453
2025-11-01 16:00:37.474,0.010339366973935855,0.010339366973935855,0.010339366973935855,0.010339366973935855,53147901.58495719
2025-11-01 17:00:13.373,0.010412820816699945,0.010412820816699945,0.010412820816699945,0.010412820816699945,53817302.326184824
2025-11-01 18:06:37.158,0.010413084181696789,0.010413084181696789,0.010413084181696789,0.010413084181696789,51808433.06533921
2025-11-01 19:01:17.745,0.010387899112946719,0.010387899112946719,0.010387899112946719,0.010387899112946719,50505364.30259375
2025-11-01 20:01:12.839,0.010408660391708714,0.010408660391708714,0.010408660391708714,0.010408660391708714,48394285.34106943
2025-11-01 21:02:20.517,0.010463967613393877,0.010463967613393877,0.010463967613393877,0.010463967613393877,47541321.24768896
2025-11-01 22:01:50.635,0.010402374718085059,0.010402374718085059,0.010402374718085059,0.010402374718085059,46185206.564617634
2025-11-01 23:01:09.687,0.010400996924092947,0.010400996924092947,0.010400996924092947,0.010400996924092947,47125256.77322926
2025-11-02 00:03:02.979,0.01043723852695904,0.01043723852695904,0.01043723852695904,0.01043723852695904,46464789.550889246
2025-11-02 01:01:07.019,0.010398952584588148,0.010398952584588148,0.010398952584588148,0.010398952584588148,45662101.052124284
2025-11-02 02:01:51.476,0.010357775580991607,0.010357775580991607,0.010357775580991607,0.010357775580991607,44996795.006896734
2025-11-02 03:06:16.155,0.010364581956003177,0.010364581956003177,0.010364581956003177,0.010364581956003177,44666160.45266121
2025-11-02 04:00:40.087,0.010335544719250434,0.010335544719250434,0.010335544719250434,0.010335544719250434,44632770.839381576
2025-11-02 05:01:17.987,0.010472977938721229,0.010472977938721229,0.010472977938721229,0.010472977938721229,45116287.737405606
2025-11-02 06:00:46.276,0.010501434912613539,0.010501434912613539,0.010501434912613539,0.010501434912613539,45795930.624569826
2025-11-02 07:00:33.006,0.010548937654644187,0.010548937654644187,0.010548937654644187,0.010548937654644187,45770488.7726485
2025-11-02 08:01:02.533,0.010559525218803998,0.010559525218803998,0.010559525218803998,0.010559525218803998,45691169.546022795
2025-11-02 09:01:03.024,0.010461923480725879,0.010461923480725879,0.010461923480725879,0.010461923480725879,44347675.18436975
2025-11-02 10:01:41.927,0.010409108284076308,0.010409108284076308,0.010409108284076308,0.010409108284076308,44057811.46337546
2025-11-02 11:01:28.382,0.010401836837896408,0.010401836837896408,0.010401836837896408,0.010401836837896408,45219395.60889006
2025-11-02 12:01:04.088,0.010490244233688072,0.010490244233688072,0.010490244233688072,0.010490244233688072,45416485.09523183
2025-11-02 13:06:20.794,0.010450886215133091,0.010450886215133091,0.010450886215133091,0.010450886215133091,44009920.52285115
2025-11-02 14:00:43.815,0.010348327774690105,0.010348327774690105,0.010348327774690105,0.010348327774690105,43932951.23514115
2025-11-02 15:01:31.382,0.010185066759123106,0.010185066759123106,0.010185066759123106,0.010185066759123106,44923008.806214325
2025-11-02 16:02:06.829,0.010186527314725262,0.010186527314725262,0.010186527314725262,0.010186527314725262,40286157.79186681
2025-11-02 17:00:49.132,0.010178536672766627,0.010178536672766627,0.010178536672766627,0.010178536672766627,45008500.73521049
2025-11-02 18:02:03.246,0.010137232882798693,0.010137232882798693,0.010137232882798693,0.010137232882798693,44387648.7603342
2025-11-02 19:01:18.208,0.01012454537468817,0.01012454537468817,0.01012454537468817,0.01012454537468817,44776582.23223828
2025-11-02 20:06:21.893,0.010113727953564942,0.010113727953564942,0.010113727953564942,0.010113727953564942,44851287.42657227
2025-11-02 21:01:30.808,0.010190756752629305,0.010190756752629305,0.010190756752629305,0.010190756752629305,44379518.02487762
2025-11-02 22:01:52.546,0.010250233084709206,0.010250233084709206,0.010250233084709206,0.010250233084709206,40944201.39129285
2025-11-02 23:01:38.413,0.010250678403750841,0.010250678403750841,0.010250678403750841,0.010250678403750841,45355353.48281711
2025-11-03 00:01:30.185,0.010505214700578979,0.010505214700578979,0.010505214700578979,0.010505214700578979,47641705.35105225
2025-11-03 01:02:08.160,0.010328205136580244,0.010328205136580244,0.010328205136580244,0.010328205136580244,48692031.688842945
2025-11-03 02:01:26.864,0.01015713669409144,0.01015713669409144,0.01015713669409144,0.01015713669409144,49348351.24288288
2025-11-03 03:01:55.844,0.010090014444474446,0.010090014444474446,0.010090014444474446,0.010090014444474446,50755681.87249693
2025-11-03 04:01:56.950,0.009686306225861396,0.009686306225861396,0.009686306225861396,0.009686306225861396,54125748.14084175
2025-11-03 05:01:11.662,0.009688270987024223,0.009688270987024223,0.009688270987024223,0.009688270987024223,57997013.34863648
2025-11-03 06:02:19.862,0.00955792096909998,0.00955792096909998,0.00955792096909998,0.00955792096909998,59548383.125912435
2025-11-03 07:01:51.634,0.009503947675043764,0.009503947675043764,0.009503947675043764,0.009503947675043764,62324505.028955616
2025-11-03 08:01:37.856,0.00957242866755693,0.00957242866755693,0.00957242866755693,0.00957242866755693,63264406.58797315
2025-11-03 09:01:52.474,0.009530017130817933,0.009530017130817933,0.009530017130817933,0.009530017130817933,64988374.00937959
2025-11-03 10:01:49.349,0.009488498718521391,0.009488498718521391,0.009488498718521391,0.009488498718521391,65276842.871254675
2025-11-03 11:02:07.177,0.009471587756673217,0.009471587756673217,0.009471587756673217,0.009471587756673217,65560230.508464344
2025-11-03 12:01:43.192,0.009522266441840043,0.009522266441840043,0.009522266441840043,0.009522266441840043,66467304.61269018
2025-11-03 13:01:43.660,0.009552775811864821,0.009552775811864821,0.009552775811864821,0.009552775811864821,68154407.90134448
2025-11-03 14:02:16.497,0.009525301941986227,0.009525301941986227,0.009525301941986227,0.009525301941986227,69815098.62430805
2025-11-03 15:01:59.872,0.009540144323311912,0.009540144323311912,0.009540144323311912,0.009540144323311912,69594752.87707166
2025-11-03 16:01:53.181,0.008808032802635821,0.008808032802635821,0.008808032802635821,0.008808032802635821,85596851.31535515
2025-11-03 17:01:37.251,0.009036441972157522,0.009036441972157522,0.009036441972157522,0.009036441972157522,92033081.53472853
2025-11-03 18:07:20.000,0.009175618148588088,0.009175618148588088,0.009175618148588088,0.009175618148588088,96251377.86261106
2025-11-03 19:04:50.660,0.008974887574325628,0.008974887574325628,0.008974887574325628,0.008974887574325628,95695032.13658951
2025-11-03 20:02:18.454,0.008886544916659892,0.008886544916659892,0.008886544916659892,0.008886544916659892,97324689.20912075
2025-11-03 21:01:47.637,0.008632621449471283,0.008632621449471283,0.008632621449471283,0.008632621449471283,99658750.7231353
2025-11-03 22:01:12.353,0.008767779482906397,0.008767779482906397,0.008767779482906397,0.008767779482906397,102847899.48621455
2025-11-03 23:02:12.305,0.00877131697641891,0.00877131697641891,0.00877131697641891,0.00877131697641891,105961854.90270573
2025-11-04 00:00:40.671,0.008838272927861874,0.008838272927861874,0.008838272927861874,0.008838272927861874,106254201.2041923
2025-11-04 01:05:51.261,0.008951188853929778,0.008951188853929778,0.008951188853929778,0.008951188853929778,108084576.19033553
2025-11-04 02:02:26.231,0.008942104872194585,0.008942104872194585,0.008942104872194585,0.008942104872194585,110243983.14938153
2025-11-04 03:02:37.956,0.008971211330198922,0.008971211330198922,0.008971211330198922,0.008971211330198922,109393521.20297474
2025-11-04 04:27:05.451,0.00908920299181423,0.00908920299181423,0.00908920299181423,0.00908920299181423,105217487.40936616
2025-11-04 05:02:34.005,0.009070345559005464,0.009070345559005464,0.009070345559005464,0.009070345559005464,104523710.95757917
2025-11-04 06:02:36.427,0.008657690893645311,0.008657690893645311,0.008657690893645311,0.008657690893645311,104924344.83139922
2025-11-04 07:02:20.327,0.008729205258483285,0.008729205258483285,0.008729205258483285,0.008729205258483285,106494505.25719775
2025-11-04 08:02:32.609,0.00858694689086497,0.00858694689086497,0.00858694689086497,0.00858694689086497,107577338.80695474
2025-11-04 09:02:49.413,0.008739557741757203,0.008739557741757203,0.008739557741757203,0.008739557741757203,108067964.54187158
2025-11-04 10:02:26.754,0.008726254931250899,0.008726254931250899,0.008726254931250899,0.008726254931250899,108627274.456187
2025-11-04 11:13:09.401,0.008834513298915492,0.008834513298915492,0.008834513298915492,0.008834513298915492,108784686.31271075
2025-11-04 12:02:27.752,0.008833363811527276,0.008833363811527276,0.008833363811527276,0.008833363811527276,108763742.13896726
2025-11-04 13:02:29.308,0.008746242834997513,0.008746242834997513,0.008746242834997513,0.008746242834997513,106522172.16176103
2025-11-04 14:02:19.921,0.008744150176511667,0.008744150176511667,0.008744150176511667,0.008744150176511667,105486341.86179554
2025-11-04 15:02:43.432,0.008954282974859163,0.008954282974859163,0.008954282974859163,0.008954282974859163,106595531.10732955
2025-11-04 16:02:44.685,0.008826436052008026,0.008826436052008026,0.008826436052008026,0.008826436052008026,90248257.8876928
2025-11-04 17:02:22.093,0.008657761305223128,0.008657761305223128,0.008657761305223128,0.008657761305223128,86434425.84155388
2025-11-04 18:01:12.865,0.008647163803429312,0.008647163803429312,0.008647163803429312,0.008647163803429312,89033885.23507407
2025-11-04 19:05:48.913,0.008525206585009869,0.008525206585009869,0.008525206585009869,0.008525206585009869,94273249.50271285
2025-11-04 20:00:19.588,0.008404118735297712,0.008404118735297712,0.008404118735297712,0.008404118735297712,96948491.69317318
2025-11-04 21:01:56.766,0.008329430396148602,0.008329430396148602,0.008329430396148602,0.008329430396148602,103160680.00467475
2025-11-04 22:01:13.121,0.008253744434308905,0.008253744434308905,0.008253744434308905,0.008253744434308905,109505394.17006351
2025-11-04 23:01:05.393,0.008530335155099718,0.008530335155099718,0.008530335155099718,0.008530335155099718,112469819.02825741
2025-11-05 00:01:31.612,0.008531369536884062,0.008531369536884062,0.008531369536884062,0.008531369536884062,112816993.94402936
2025-11-05 01:01:27.479,0.008426494745274142,0.008426494745274142,0.008426494745274142,0.008426494745274142,111953574.85853417
2025-11-05 02:02:06.878,0.00838254573713918,0.00838254573713918,0.00838254573713918,0.00838254573713918,113802267.570997
2025-11-05 03:01:42.806,0.008633079390986145,0.008633079390986145,0.008633079390986145,0.008633079390986145,116071538.74773458
2025-11-05 04:07:38.288,0.008769641555479168,0.008769641555479168,0.008769641555479168,0.008769641555479168,117756605.59421013
2025-11-05 05:01:16.564,0.008716951619215709,0.008716951619215709,0.008716951619215709,0.008716951619215709,117836839.45015483
2025-11-05 06:01:03.860,0.008754798234365325,0.008754798234365325,0.008754798234365325,0.008754798234365325,115401530.037007
2025-11-05 07:01:33.423,0.008775127365230489,0.008775127365230489,0.008775127365230489,0.008775127365230489,113509500.29615921
2025-11-05 08:00:58.659,0.00878915422139814,0.00878915422139814,0.00878915422139814,0.00878915422139814,109523826.90518904
2025-11-05 09:00:31.762,0.008656814852105028,0.008656814852105028,0.008656814852105028,0.008656814852105028,108413289.33902033
2025-11-05 10:02:12.728,0.00876491832597155,0.00876491832597155,0.00876491832597155,0.00876491832597155,108550863.74101645
2025-11-05 11:02:17.971,0.008646837107153083,0.008646837107153083,0.008646837107153083,0.008646837107153083,107968082.41514836
2025-11-05 12:02:14.205,0.008793190696363069,0.008793190696363069,0.008793190696363069,0.008793190696363069,107542373.68217853
2025-11-05 13:01:47.312,0.008820984814371689,0.008820984814371689,0.008820984814371689,0.008820984814371689,108070040.19621514
2025-11-05 14:00:29.191,0.008898007987264225,0.008898007987264225,0.008898007987264225,0.008898007987264225,109268140.16819356
2025-11-05 15:02:25.926,0.00891901289155144,0.00891901289155144,0.00891901289155144,0.00891901289155144,108821645.385538
2025-11-05 16:01:23.180,0.008918140687615579,0.008918140687615579,0.008918140687615579,0.008918140687615579,109633783.5930704
2025-11-05 17:01:43.951,0.008992271080210217,0.008992271080210217,0.008992271080210217,0.008992271080210217,108268720.67548853
2025-11-05 18:06:19.659,0.009009159777030684,0.009009159777030684,0.009009159777030684,0.009009159777030684,102755420.20646042
2025-11-05 19:02:16.350,0.00907047821864424,0.00907047821864424,0.00907047821864424,0.00907047821864424,97278733.90102425
2025-11-05 20:00:07.925,0.009018694178472184,0.009018694178472184,0.009018694178472184,0.009018694178472184,93022693.53356415
2025-11-05 21:01:15.697,0.009015983418078705,0.009015983418078705,0.009015983418078705,0.009015983418078705,83875978.35060264
2025-11-05 22:01:08.102,0.009032869326385773,0.009032869326385773,0.009032869326385773,0.009032869326385773,75137623.92986462
2025-11-05 23:02:02.724,0.00908775413251078,0.00908775413251078,0.00908775413251078,0.00908775413251078,72388520.75858535
2025-11-06 00:01:43.869,0.009054663882435386,0.009054663882435386,0.009054663882435386,0.009054663882435386,69476976.88018128
2025-11-06 01:00:16.098,0.008977295653712728,0.008977295653712728,0.008977295653712728,0.008977295653712728,68656836.90953042
2025-11-06 02:01:08.909,0.008938296461457265,0.008938296461457265,0.008938296461457265,0.008938296461457265,65960087.109129004
2025-11-06 03:01:25.106,0.008971211188120899,0.008971211188120899,0.008971211188120899,0.008971211188120899,64356658.57575278
2025-11-06 04:01:08.320,0.0089550474279101,0.0089550474279101,0.0089550474279101,0.0089550474279101,63030302.98717132
2025-11-06 05:01:31.712,0.008932312193785426,0.008932312193785426,0.008932312193785426,0.008932312193785426,62957214.61760066
2025-11-06 06:01:57.403,0.00874835209427499,0.00874835209427499,0.00874835209427499,0.00874835209427499,62248344.688477494
2025-11-06 07:02:16.139,0.008787715358764622,0.008787715358764622,0.008787715358764622,0.008787715358764622,61498792.04226663
2025-11-06 08:01:30.353,0.008753151259973037,0.008753151259973037,0.008753151259973037,0.008753151259973037,62274200.755047806
2025-11-06 09:01:25.704,0.00873436549977494,0.00873436549977494,0.00873436549977494,0.00873436549977494,61763769.03857778
2025-11-06 10:01:50.871,0.008780132184952874,0.008780132184952874,0.008780132184952874,0.008780132184952874,62045074.755777076
2025-11-06 11:01:20.857,0.008800418822056958,0.008800418822056958,0.008800418822056958,0.008800418822056958,62157686.14299174
2025-11-06 12:02:05.586,0.008794493161725842,0.008794493161725842,0.008794493161725842,0.008794493161725842,61978760.634609155
2025-11-06 13:02:10.545,0.008666269848164024,0.008666269848164024,0.008666269848164024,0.008666269848164024,61799321.80582138
2025-11-06 14:01:07.694,0.008882644661509002,0.008882644661509002,0.008882644661509002,0.008882644661509002,64598874.72933653
2025-11-06 15:01:35.219,0.008714136207288422,0.008714136207288422,0.008714136207288422,0.008714136207288422,64974077.482478976
2025-11-06 16:01:55.868,0.008593991196159709,0.008593991196159709,0.008593991196159709,0.008593991196159709,65083357.16723076
2025-11-06 17:01:43.860,0.008580079495623236,0.008580079495623236,0.008580079495623236,0.008580079495623236,67162808.37456591
2025-11-06 18:00:51.683,0.008748294561443234,0.008748294561443234,0.008748294561443234,0.008748294561443234,67928049.89560173
2025-11-06 19:02:06.280,0.008840858729648014,0.008840858729648014,0.008840858729648014,0.008840858729648014,62870252.63259294
2025-11-06 20:01:29.176,0.008781058827893658,0.008781058827893658,0.008781058827893658,0.008781058827893658,69342771.10705164
2025-11-06 21:01:10.998,0.008743994020870938,0.008743994020870938,0.008743994020870938,0.008743994020870938,69443154.98870742
2025-11-06 22:06:23.175,0.00885969728225633,0.00885969728225633,0.00885969728225633,0.00885969728225633,70264718.00671066
2025-11-06 23:01:16.704,0.00886386622380854,0.00886386622380854,0.00886386622380854,0.00886386622380854,69948572.2100016
2025-11-07 00:01:23.462,0.008829436719874168,0.008829436719874168,0.008829436719874168,0.008829436719874168,67770412.30880365
2025-11-07 01:01:20.815,0.008982316551308165,0.008982316551308165,0.008982316551308165,0.008982316551308165,70536199.93849127
2025-11-07 02:01:54.068,0.008936479770212814,0.008936479770212814,0.008936479770212814,0.008936479770212814,73255946.04613614
2025-11-07 03:01:47.024,0.009017217695519697,0.009017217695519697,0.009017217695519697,0.009017217695519697,73794147.80653691
2025-11-07 04:01:43.285,0.009101233741872525,0.009101233741872525,0.009101233741872525,0.009101233741872525,75044347.80694744
2025-11-07 05:03:20.198,0.009096859598495738,0.009096859598495738,0.009096859598495738,0.009096859598495738,75620907.84310399
2025-11-07 06:01:33.848,0.009251560041049142,0.009251560041049142,0.009251560041049142,0.009251560041049142,76481195.27712142
2025-11-07 07:01:35.881,0.009271056073292712,0.009271056073292712,0.009271056073292712,0.009271056073292712,76875543.681196
2025-11-07 08:01:40.903,0.009352404874886821,0.009352404874886821,0.009352404874886821,0.009352404874886821,76100035.47840588
2025-11-07 09:01:24.912,0.009225759229403737,0.009225759229403737,0.009225759229403737,0.009225759229403737,75454239.08567724
2025-11-07 10:02:09.572,0.009207000504210618,0.009207000504210618,0.009207000504210618,0.009207000504210618,77005325.75062107
2025-11-07 11:01:53.093,0.009164010832288396,0.009164010832288396,0.009164010832288396,0.009164010832288396,77266949.68824294
2025-11-07 12:01:46.406,0.009099184802857225,0.009099184802857225,0.009099184802857225,0.009099184802857225,79094451.88229312
2025-11-07 13:01:46.483,0.008880047416784612,0.008880047416784612,0.008880047416784612,0.008880047416784612,79114255.24367231
2025-11-07 14:00:38.821,0.009108487142029137,0.009108487142029137,0.009108487142029137,0.009108487142029137,79626380.71039502
2025-11-07 15:00:37.577,0.009279801546742105,0.009279801546742105,0.009279801546742105,0.009279801546742105,80399828.62289315
2025-11-07 16:01:00.247,0.009549645160620982,0.009549645160620982,0.009549645160620982,0.009549645160620982,82774398.66478135
2025-11-07 17:01:22.743,0.0101738903823034,0.0101738903823034,0.0101738903823034,0.0101738903823034,91403216.26620868
2025-11-07 18:02:29.135,0.010303001629179128,0.010303001629179128,0.010303001629179128,0.010303001629179128,98229323.05274044
2025-11-07 19:01:41.858,0.010400731493726603,0.010400731493726603,0.010400731493726603,0.010400731493726603,102999000.42067815
2025-11-07 20:00:48.182,0.010384743737671865,0.010384743737671865,0.010384743737671865,0.010384743737671865,105161683.41427995
2025-11-07 21:04:33.619,0.01049385679196896,0.01049385679196896,0.01049385679196896,0.01049385679196896,105534552.88196455
2025-11-07 22:01:33.181,0.010574385060162965,0.010574385060162965,0.010574385060162965,0.010574385060162965,107512168.95202917
2025-11-07 23:01:44.020,0.010583576186166723,0.010583576186166723,0.010583576186166723,0.010583576186166723,109810016.0362312
2025-11-08 00:01:40.176,0.010286681609785799,0.010286681609785799,0.010286681609785799,0.010286681609785799,111245294.75953181
2025-11-08 01:01:08.147,0.01022944517232865,0.01022944517232865,0.01022944517232865,0.01022944517232865,113760314.05711001
2025-11-08 02:01:00.836,0.01045052561688396,0.01045052561688396,0.01045052561688396,0.01045052561688396,114856931.46435131
2025-11-08 03:00:50.026,0.01047204509713863,0.01047204509713863,0.01047204509713863,0.01047204509713863,114707235.3433911
2025-11-08 04:01:28.393,0.010343264762738062,0.010343264762738062,0.010343264762738062,0.010343264762738062,114719313.2472992
2025-11-08 05:01:07.236,0.010346393397314118,0.010346393397314118,0.010346393397314118,0.010346393397314118,116320354.53231527
2025-11-08 06:02:44.480,0.010073134313890553,0.010073134313890553,0.010073134313890553,0.010073134313890553,116588107.42509444
2025-11-08 07:01:19.068,0.010051738404546274,0.010051738404546274,0.010051738404546274,0.010051738404546274,117996374.07821932
2025-11-08 08:01:30.134,0.01008458939210912,0.01008458939210912,0.01008458939210912,0.01008458939210912,121301649.37938586
2025-11-08 09:01:15.309,0.010183977522374514,0.010183977522374514,0.010183977522374514,0.010183977522374514,121795409.58333628
2025-11-08 10:01:14.613,0.009949431710912402,0.009949431710912402,0.009949431710912402,0.009949431710912402,121861874.54630023
2025-11-08 11:01:21.916,0.010104155349397122,0.010104155349397122,0.010104155349397122,0.010104155349397122,122645331.91618052
2025-11-08 12:01:28.394,0.010097369790758674,0.010097369790758674,0.010097369790758674,0.010097369790758674,120139128.6119265
2025-11-08 13:01:50.011,0.010134827294370968,0.010134827294370968,0.010134827294370968,0.010134827294370968,113974314.78426455
2025-11-08 14:01:15.458,0.009973488178772028,0.009973488178772028,0.009973488178772028,0.009973488178772028,117764852.16874929
2025-11-08 15:01:31.717,0.009929120272033779,0.009929120272033779,0.009929120272033779,0.009929120272033779,118380804.55709118
2025-11-08 16:01:30.086,0.010007962988449587,0.010007962988449587,0.010007962988449587,0.010007962988449587,116112293.12636736
2025-11-08 17:02:04.665,0.01003124886003615,0.01003124886003615,0.01003124886003615,0.01003124886003615,107004012.5182737
2025-11-08 18:00:46.477,0.0100408715251069,0.0100408715251069,0.0100408715251069,0.0100408715251069,107362031.79356591
2025-11-08 19:01:37.969,0.01007361138887407,0.01007361138887407,0.01007361138887407,0.01007361138887407,101436119.20948623
2025-11-08 20:04:49.353,0.010099119742673641,0.010099119742673641,0.010099119742673641,0.010099119742673641,98796358.01888804
2025-11-08 21:02:26.513,0.010243577949307563,0.010243577949307563,0.010243577949307563,0.010243577949307563,104774727.94608742
2025-11-08 22:01:44.410,0.01020197922281372,0.01020197922281372,0.01020197922281372,0.01020197922281372,105029201.39623599
2025-11-08 23:01:41.570,0.010263549629105362,0.010263549629105362,0.010263549629105362,0.010263549629105362,105773811.77171974
2025-11-09 00:01:12.000,0.010279877676185455,0.010279877676185455,0.010279877676185455,0.010279877676185455,102687981.2958013
2025-11-09 01:01:17.981,0.010151071995039554,0.010151071995039554,0.010151071995039554,0.010151071995039554,98658882.80560121
2025-11-09 02:01:53.696,0.010101667847795459,0.010101667847795459,0.010101667847795459,0.010101667847795459,95483540.94740157
2025-11-09 03:02:14.148,0.009849258909076099,0.009849258909076099,0.009849258909076099,0.009849258909076099,95577681.99319384
2025-11-09 04:03:02.337,0.009722474506452791,0.009722474506452791,0.009722474506452791,0.009722474506452791,95943052.38812448
2025-11-09 05:07:28.612,0.009739322214307624,0.009739322214307624,0.009739322214307624,0.009739322214307624,93712277.42036451
2025-11-09 06:04:08.920,0.009792516743037558,0.009792516743037558,0.009792516743037558,0.009792516743037558,93278415.40558873
2025-11-09 07:03:33.135,0.009814724643110442,0.009814724643110442,0.009814724643110442,0.009814724643110442,90629782.6591452
2025-11-09 08:06:22.206,0.009925963861942057,0.009925963861942057,0.009925963861942057,0.009925963861942057,88856440.3990768
2025-11-09 09:01:48.944,0.009810881937877776,0.009810881937877776,0.009810881937877776,0.009810881937877776,88670208.41964193
2025-11-09 10:03:20.461,0.00974132953058643,0.00974132953058643,0.00974132953058643,0.00974132953058643,85385676.5318139
2025-11-09 11:02:33.599,0.009825232129403642,0.009825232129403642,0.009825232129403642,0.009825232129403642,88113543.67323093
2025-11-09 12:02:33.954,0.009938511572482192,0.009938511572482192,0.009938511572482192,0.009938511572482192,88712813.5081065
2025-11-09 13:01:08.835,0.00997212836293308,0.00997212836293308,0.00997212836293308,0.00997212836293308,88081343.04498509
2025-11-09 14:06:52.586,0.010034346937087562,0.010034346937087562,0.010034346937087562,0.010034346937087562,87900590.17205851
2025-11-09 15:01:25.870,0.01011870266387153,0.01011870266387153,0.01011870266387153,0.01011870266387153,89897871.90650812
2025-11-09 16:02:56.534,0.010190082220433511,0.010190082220433511,0.010190082220433511,0.010190082220433511,88874629.00596638
2025-11-09 17:02:32.836,0.010200398449520597,0.010200398449520597,0.010200398449520597,0.010200398449520597,83293983.05988047
2025-11-09 18:03:39.681,0.010138803457756527,0.010138803457756527,0.010138803457756527,0.010138803457756527,80854709.3958869
2025-11-09 19:07:30.947,0.010251421335504668,0.010251421335504668,0.010251421335504668,0.010251421335504668,82225536.67334019
2025-11-09 20:03:56.798,0.010334445893925329,0.010334445893925329,0.010334445893925329,0.010334445893925329,80887049.30365917
2025-11-09 21:02:24.149,0.010274000462915786,0.010274000462915786,0.010274000462915786,0.010274000462915786,74181486.6167167
2025-11-09 22:01:39.739,0.010243454291319936,0.010243454291319936,0.010243454291319936,0.010243454291319936,71404123.35683893
2025-11-09 23:01:45.878,0.010229975474219402,0.010229975474219402,0.010229975474219402,0.010229975474219402,71932111.11887014
2025-11-10 00:00:33.255,0.010193536764473673,0.010193536764473673,0.010193536764473673,0.010193536764473673,70524939.53933288
2025-11-10 01:00:47.122,0.010422556383554564,0.010422556383554564,0.010422556383554564,0.010422556383554564,73541984.66961722
2025-11-10 02:01:46.191,0.010342115233700941,0.010342115233700941,0.010342115233700941,0.010342115233700941,74507221.25250906
2025-11-10 03:00:43.433,0.010323607994534622,0.010323607994534622,0.010323607994534622,0.010323607994534622,71989497.10104865
2025-11-10 04:02:05.821,0.010378453619616623,0.010378453619616623,0.010378453619616623,0.010378453619616623,70941304.6288382
2025-11-10 05:03:10.530,0.010271555664473611,0.010271555664473611,0.010271555664473611,0.010271555664473611,70640470.64635114
2025-11-10 06:01:28.261,0.010341822750437447,0.010341822750437447,0.010341822750437447,0.010341822750437447,76408480.68425933
2025-11-10 07:01:02.629,0.01038856593573917,0.01038856593573917,0.01038856593573917,0.01038856593573917,75694007.05913794
2025-11-10 08:01:31.498,0.010368206368467242,0.010368206368467242,0.010368206368467242,0.010368206368467242,75907820.77349576
2025-11-10 09:01:12.521,0.01031602530655864,0.01031602530655864,0.01031602530655864,0.01031602530655864,76104353.94053714
2025-11-10 10:00:47.971,0.010555449342480282,0.010555449342480282,0.010555449342480282,0.010555449342480282,77741509.74221802
2025-11-10 11:02:19.948,0.010363371964619679,0.010363371964619679,0.010363371964619679,0.010363371964619679,77830299.2301689
2025-11-10 12:01:04.885,0.010485984995473497,0.010485984995473497,0.010485984995473497,0.010485984995473497,78038552.78546998
2025-11-10 13:05:47.704,0.01046877685422636,0.01046877685422636,0.01046877685422636,0.01046877685422636,78199205.24951023
2025-11-10 14:03:17.862,0.010540422990809985,0.010540422990809985,0.010540422990809985,0.010540422990809985,78410814.67558716
2025-11-10 15:01:30.471,0.010327147662038228,0.010327147662038228,0.010327147662038228,0.010327147662038228,76713573.28678583
2025-11-10 16:02:51.620,0.01041698923488202,0.01041698923488202,0.01041698923488202,0.01041698923488202,77667989.92162633
2025-11-10 17:01:57.098,0.010294095262444333,0.010294095262444333,0.010294095262444333,0.010294095262444333,77416874.94643481
2025-11-10 18:01:37.152,0.01044596248224899,0.01044596248224899,0.01044596248224899,0.01044596248224899,78263179.6767976
2025-11-10 19:02:34.978,0.01037148384907805,0.01037148384907805,0.01037148384907805,0.01037148384907805,78538192.16598715
2025-11-10 20:02:03.487,0.010564684323169298,0.010564684323169298,0.010564684323169298,0.010564684323169298,78762114.89433002
2025-11-10 21:01:40.446,0.010486265077973568,0.010486265077973568,0.010486265077973568,0.010486265077973568,78146972.16817372
2025-11-10 22:02:11.790,0.01044942247218523,0.01044942247218523,0.01044942247218523,0.01044942247218523,77571237.97726832
2025-11-10 23:01:31.785,0.010808606680433142,0.010808606680433142,0.010808606680433142,0.010808606680433142,75462939.88410902
2025-11-11 00:01:22.945,0.010621508361451863,0.010621508361451863,0.010621508361451863,0.010621508361451863,81975622.96261975
2025-11-11 01:00:40.677,0.010542739700266259,0.010542739700266259,0.010542739700266259,0.010542739700266259,81413395.40839882
2025-11-11 02:03:24.278,0.010562171151221347,0.010562171151221347,0.010562171151221347,0.010562171151221347,81170726.54770526
2025-11-11 03:03:07.158,0.010695441203966748,0.010695441203966748,0.010695441203966748,0.010695441203966748,82101472.40517597
2025-11-11 04:03:10.272,0.010734180485567417,0.010734180485567417,0.010734180485567417,0.010734180485567417,82917778.7119828
2025-11-11 05:01:48.668,0.010536279724349371,0.010536279724349371,0.010536279724349371,0.010536279724349371,81077704.35398635
2025-11-11 06:01:07.196,0.0103798408124219,0.0103798408124219,0.0103798408124219,0.0103798408124219,76639673.04902712
2025-11-11 07:03:19.757,0.010312295955147743,0.010312295955147743,0.010312295955147743,0.010312295955147743,77237295.10292293
2025-11-11 08:03:02.740,0.010142273624816622,0.010142273624816622,0.010142273624816622,0.010142273624816622,77972040.551029
2025-11-11 09:02:45.710,0.0102131747903497,0.0102131747903497,0.0102131747903497,0.0102131747903497,77776631.44147913
2025-11-11 10:01:13.047,0.010176849759493614,0.010176849759493614,0.010176849759493614,0.010176849759493614,77166625.36658268
2025-11-11 11:00:57.499,0.010186510780383,0.010186510780383,0.010186510780383,0.010186510780383,75040919.67457865
2025-11-11 12:00:58.102,0.01019156008774517,0.01019156008774517,0.01019156008774517,0.01019156008774517,75424115.3212747
2025-11-11 13:02:20.102,0.010170085080041861,0.010170085080041861,0.010170085080041861,0.010170085080041861,75083089.34869811
2025-11-11 14:01:03.040,0.010115339953510185,0.010115339953510185,0.010115339953510185,0.010115339953510185,75386034.16607396
2025-11-11 15:01:20.338,0.010119683654337243,0.010119683654337243,0.010119683654337243,0.010119683654337243,74534793.9653118
2025-11-11 16:03:19.393,0.010201872405789177,0.010201872405789177,0.010201872405789177,0.010201872405789177,73897706.08166079
2025-11-11 17:00:19.983,0.010280036453351044,0.010280036453351044,0.010280036453351044,0.010280036453351044,74738265.38211112
2025-11-11 18:02:36.473,0.010253177523928963,0.010253177523928963,0.010253177523928963,0.010253177523928963,74480159.48019406
2025-11-11 19:04:31.758,0.010131805520497144,0.010131805520497144,0.010131805520497144,0.010131805520497144,74547483.23766506
2025-11-11 20:03:01.380,0.010061379417193891,0.010061379417193891,0.010061379417193891,0.010061379417193891,74595129.86685519
2025-11-11 21:01:22.092,0.00994261992746093,0.00994261992746093,0.00994261992746093,0.00994261992746093,75687699.10555322
2025-11-11 22:00:39.888,0.009911976417490058,0.009911976417490058,0.009911976417490058,0.009911976417490058,76415412.66780113
2025-11-11 23:02:16.967,0.010046347570062945,0.010046347570062945,0.010046347570062945,0.010046347570062945,74999628.30323306
2025-11-12 00:01:22.309,0.009883916753520074,0.009883916753520074,0.009883916753520074,0.009883916753520074,73464127.50603768
2025-11-12 01:01:08.778,0.009891277644693686,0.009891277644693686,0.009891277644693686,0.009891277644693686,73571577.34429798
2025-11-12 02:01:29.887,0.010041383240145753,0.010041383240145753,0.010041383240145753,0.010041383240145753,72217901.4510427
2025-11-12 03:01:35.451,0.0100399147957791,0.0100399147957791,0.0100399147957791,0.0100399147957791,72318734.1336769
2025-11-12 04:00:58.653,0.01006140160599087,0.01006140160599087,0.01006140160599087,0.01006140160599087,70461236.2305515
2025-11-12 05:01:33.850,0.010043642770597194,0.010043642770597194,0.010043642770597194,0.010043642770597194,69374342.88279028
2025-11-12 06:01:03.030,0.01011274454309888,0.01011274454309888,0.01011274454309888,0.01011274454309888,68339595.98632973
2025-11-12 07:06:19.151,0.010133113520478855,0.010133113520478855,0.010133113520478855,0.010133113520478855,67387995.81275906
2025-11-12 08:01:56.386,0.010088458342133113,0.010088458342133113,0.010088458342133113,0.010088458342133113,65834356.73606595
2025-11-12 09:02:41.038,0.010297205741452676,0.010297205741452676,0.010297205741452676,0.010297205741452676,65503483.940844156
2025-11-12 10:02:15.868,0.01039178112807636,0.01039178112807636,0.01039178112807636,0.01039178112807636,66288849.81973711
2025-11-12 11:01:54.910,0.010482625164670504,0.010482625164670504,0.010482625164670504,0.010482625164670504,66824492.4996507
2025-11-12 12:01:49.703,0.010461114640339993,0.010461114640339993,0.010461114640339993,0.010461114640339993,66549610.69030143
2025-11-12 13:01:11.730,0.010428205365543486,0.010428205365543486,0.010428205365543486,0.010428205365543486,66744891.52772242
2025-11-12 14:01:01.800,0.010490750681011499,0.010490750681011499,0.010490750681011499,0.010490750681011499,65872916.54327788
2025-11-12 15:02:29.716,0.010251439391207665,0.010251439391207665,0.010251439391207665,0.010251439391207665,65595092.490520954
2025-11-12 16:01:44.256,0.009959370390557757,0.009959370390557757,0.009959370390557757,0.009959370390557757,67658365.49004243
2025-11-12 17:01:10.703,0.009644168860915946,0.009644168860915946,0.009644168860915946,0.009644168860915946,72073893.58346765
2025-11-12 18:00:25.566,0.009652439731968384,0.009652439731968384,0.009652439731968384,0.009652439731968384,74838356.52197418
2025-11-12 19:03:12.617,0.009522895660127295,0.009522895660127295,0.009522895660127295,0.009522895660127295,76482371.73529986
2025-11-12 20:03:43.050,0.00952879398495107,0.00952879398495107,0.00952879398495107,0.00952879398495107,78167657.59155159
2025-11-12 21:00:33.985,0.00967883607778378,0.00967883607778378,0.00967883607778378,0.00967883607778378,78470820.86022653
2025-11-12 22:03:57.743,0.00967142751921422,0.00967142751921422,0.00967142751921422,0.00967142751921422,77520331.07953806
2025-11-12 23:03:20.733,0.00968940817102009,0.00968940817102009,0.00968940817102009,0.00968940817102009,76467114.1956957
2025-11-13 00:02:12.385,0.009607647806792054,0.009607647806792054,0.009607647806792054,0.009607647806792054,75108924.47711095
2025-11-13 01:01:31.148,0.009657080927889417,0.009657080927889417,0.009657080927889417,0.009657080927889417,74838120.71328971
2025-11-13 02:00:36.674,0.009743604063055147,0.009743604063055147,0.009743604063055147,0.009743604063055147,73232012.65949617
2025-11-13 03:00:29.059,0.009735807822048885,0.009735807822048885,0.009735807822048885,0.009735807822048885,74529467.14021082
2025-11-13 04:01:59.009,0.00987096253360391,0.00987096253360391,0.00987096253360391,0.00987096253360391,76381950.44715327
2025-11-13 05:01:33.256,0.009891754359052271,0.009891754359052271,0.009891754359052271,0.009891754359052271,77892104.22259559
2025-11-13 06:01:21.825,0.01002195959359288,0.01002195959359288,0.01002195959359288,0.01002195959359288,78187698.56005058
2025-11-13 07:01:13.978,0.009969986304332134,0.009969986304332134,0.009969986304332134,0.009969986304332134,79516068.67097646
2025-11-13 08:01:43.189,0.009892257178203297,0.009892257178203297,0.009892257178203297,0.009892257178203297,79258649.11823441
2025-11-13 09:03:29.240,0.009920275937933369,0.009920275937933369,0.009920275937933369,0.009920275937933369,78378417.35548797
2025-11-13 10:02:02.080,0.009810028424580957,0.009810028424580957,0.009810028424580957,0.009810028424580957,77404513.19969249
2025-11-13 11:00:49.923,0.009862184315898892,0.009862184315898892,0.009862184315898892,0.009862184315898892,77525303.36963223
2025-11-13 12:00:48.736,0.009889145112638775,0.009889145112638775,0.009889145112638775,0.009889145112638775,76393066.6722295
2025-11-13 13:00:32.203,0.00993427742756605,0.00993427742756605,0.00993427742756605,0.00993427742756605,75774502.42076805
2025-11-13 14:01:16.887,0.009878203983288815,0.009878203983288815,0.009878203983288815,0.009878203983288815,77581681.81283814
2025-11-13 15:03:06.092,0.009924628746505296,0.009924628746505296,0.009924628746505296,0.009924628746505296,79118886.61721739
2025-11-13 16:01:05.880,0.009767289834222787,0.009767289834222787,0.009767289834222787,0.009767289834222787,76729531.78057015
2025-11-13 17:01:32.888,0.009626257252337336,0.009626257252337336,0.009626257252337336,0.009626257252337336,72863488.03810358
2025-11-13 18:01:56.338,0.009409493750197303,0.009409493750197303,0.009409493750197303,0.009409493750197303,71138068.15004854
2025-11-13 19:01:37.807,0.009258433761428484,0.009258433761428484,0.009258433761428484,0.009258433761428484,73368769.64346655
2025-11-13 20:02:45.303,0.009120714403756265,0.009120714403756265,0.009120714403756265,0.009120714403756265,73208627.60341032
2025-11-13 21:02:33.046,0.009117275871066814,0.009117275871066814,0.009117275871066814,0.009117275871066814,73919902.272328
2025-11-13 22:00:46.635,0.00909878282870655,0.00909878282870655,0.00909878282870655,0.00909878282870655,75755887.30469793
2025-11-13 23:01:43.045,0.00928257895176256,0.00928257895176256,0.00928257895176256,0.00928257895176256,77451506.93688089
2025-11-14 00:01:46.661,0.00932691783643605,0.00932691783643605,0.00932691783643605,0.00932691783643605,79738418.90589245
2025-11-14 01:00:51.844,0.009262890270439608,0.009262890270439608,0.009262890270439608,0.009262890270439608,80876887.32131493
2025-11-14 02:01:15.963,0.009257786075110906,0.009257786075110906,0.009257786075110906,0.009257786075110906,81465518.95345506
2025-11-14 03:00:22.680,0.009259499590650953,0.009259499590650953,0.009259499590650953,0.009259499590650953,82650280.04030067
2025-11-14 04:04:09.417,0.009211807131190805,0.009211807131190805,0.009211807131190805,0.009211807131190805,80893057.97740526
2025-11-14 05:01:12.894,0.009023818953155563,0.009023818953155563,0.009023818953155563,0.009023818953155563,83929234.74393296
2025-11-14 06:01:07.378,0.009180109522811921,0.009180109522811921,0.009180109522811921,0.009180109522811921,85632273.16748865
2025-11-14 07:02:39.788,0.009222926601539175,0.009222926601539175,0.009222926601539175,0.009222926601539175,88793002.72704756
2025-11-14 08:01:33.450,0.009229486441189256,0.009229486441189256,0.009229486441189256,0.009229486441189256,90930096.53112942
2025-11-14 09:04:15.899,0.00912790599671899,0.00912790599671899,0.00912790599671899,0.00912790599671899,90078985.00075126
2025-11-14 10:05:51.432,0.008972081343159445,0.008972081343159445,0.008972081343159445,0.008972081343159445,91268646.24098538
2025-11-14 11:01:41.945,0.00902723689851474,0.00902723689851474,0.00902723689851474,0.00902723689851474,91030893.59333491
2025-11-14 12:01:28.703,0.00893303693556705,0.00893303693556705,0.00893303693556705,0.00893303693556705,92302477.85827862
2025-11-14 13:01:07.165,0.008994246345345142,0.008994246345345142,0.008994246345345142,0.008994246345345142,97814609.38643092
2025-11-14 14:03:31.773,0.008986095567983313,0.008986095567983313,0.008986095567983313,0.008986095567983313,100063487.20234458
2025-11-14 15:04:30.746,0.009189699031613307,0.009189699031613307,0.009189699031613307,0.009189699031613307,101399223.19172849
2025-11-14 16:01:56.613,0.009261586047242905,0.009261586047242905,0.009261586047242905,0.009261586047242905,97000255.97829036
2025-11-14 17:00:47.019,0.009306591416582228,0.009306591416582228,0.009306591416582228,0.009306591416582228,94714602.30249858
2025-11-14 18:01:44.265,0.009131004007764506,0.009131004007764506,0.009131004007764506,0.009131004007764506,97120890.94109794
2025-11-14 19:03:29.167,0.009170066808117898,0.009170066808117898,0.009170066808117898,0.009170066808117898,93370771.1289012
2025-11-14 20:02:33.275,0.00930008889470326,0.00930008889470326,0.00930008889470326,0.00930008889470326,91686655.1068338
2025-11-14 21:01:16.988,0.009080286852913488,0.009080286852913488,0.009080286852913488,0.009080286852913488,88638367.09329551
2025-11-14 22:00:33.327,0.009125550588085974,0.009125550588085974,0.009125550588085974,0.009125550588085974,89126702.66977024
2025-11-14 23:02:38.372,0.009071486377921394,0.009071486377921394,0.009071486377921394,0.009071486377921394,88182435.42878741
2025-11-15 00:01:14.677,0.008972083105673998,0.008972083105673998,0.008972083105673998,0.008972083105673998,89139957.66430476
2025-11-15 01:00:48.841,0.009029899906796248,0.009029899906796248,0.009029899906796248,0.009029899906796248,88761202.58054367
2025-11-15 02:04:39.872,0.0091425488793084,0.0091425488793084,0.0091425488793084,0.0091425488793084,86572042.86107862
2025-11-15 03:01:10.206,0.009177903806306606,0.009177903806306606,0.009177903806306606,0.009177903806306606,87661785.43218105
2025-11-15 04:00:57.837,0.00922809036358556,0.00922809036358556,0.00922809036358556,0.00922809036358556,86748399.87028582
2025-11-15 05:02:44.724,0.00919392868776732,0.00919392868776732,0.00919392868776732,0.00919392868776732,82046078.71271555
2025-11-15 06:01:21.240,0.00928095127698323,0.00928095127698323,0.00928095127698323,0.00928095127698323,80305553.51865827
2025-11-15 07:01:05.835,0.009341921228891747,0.009341921228891747,0.009341921228891747,0.009341921228891747,73489082.93538065
2025-11-15 08:00:31.054,0.009263945770809254,0.009263945770809254,0.009263945770809254,0.009263945770809254,70776930.78756526
2025-11-15 09:00:29.950,0.009118602580901315,0.009118602580901315,0.009118602580901315,0.009118602580901315,75628070.16746296
2025-11-15 10:00:45.565,0.009172000806057857,0.009172000806057857,0.009172000806057857,0.009172000806057857,74056960.30482008
2025-11-15 11:01:53.461,0.009216546484713015,0.009216546484713015,0.009216546484713015,0.009216546484713015,73376539.49104081
2025-11-15 12:02:20.580,0.009189439822721902,0.009189439822721902,0.009189439822721902,0.009189439822721902,73148387.42740609
2025-11-15 13:01:00.731,0.009300010000313842,0.009300010000313842,0.009300010000313842,0.009300010000313842,67918806.54292017
2025-11-15 14:01:25.622,0.009322165574986404,0.009322165574986404,0.009322165574986404,0.009322165574986404,65102633.583440416
2025-11-15 15:01:45.847,0.009256529705276661,0.009256529705276661,0.009256529705276661,0.009256529705276661,61580534.489870444
2025-11-15 16:01:46.590,0.009209216093293131,0.009209216093293131,0.009209216093293131,0.009209216093293131,57193539.07301142
2025-11-15 17:03:32.885,0.009206993478143952,0.009206993478143952,0.009206993478143952,0.009206993478143952,56198972.24830281
2025-11-15 18:03:47.537,0.009260083410863975,0.009260083410863975,0.009260083410863975,0.009260083410863975,55735301.24552382
2025-11-15 19:00:27.768,0.009209297877327409,0.009209297877327409,0.009209297877327409,0.009209297877327409,53958832.75324465
2025-11-15 20:01:44.954,0.009203189261030465,0.009203189261030465,0.009203189261030465,0.009203189261030465,53307937.60724593
2025-11-15 21:00:30.008,0.009102929846215376,0.009102929846215376,0.009102929846215376,0.009102929846215376,52741838.00357141
2025-11-15 22:00:57.878,0.009058938063389865,0.009058938063389865,0.009058938063389865,0.009058938063389865,51337380.76948257
2025-11-15 23:01:23.501,0.009122565831745972,0.009122565831745972,0.009122565831745972,0.009122565831745972,51184126.98391556
2025-11-16 00:01:03.513,0.009110702629301193,0.009110702629301193,0.009110702629301193,0.009110702629301193,47999292.63921935
2025-11-16 01:00:12.900,0.009080219299179376,0.009080219299179376,0.009080219299179376,0.009080219299179376,46463097.93480715
2025-11-16 02:02:32.950,0.0090329050958495,0.0090329050958495,0.0090329050958495,0.0090329050958495,48460658.20221363
2025-11-16 03:02:26.126,0.009188440523650494,0.009188440523650494,0.009188440523650494,0.009188440523650494,46069862.44572846
2025-11-16 04:01:37.586,0.009186125697361176,0.009186125697361176,0.009186125697361176,0.009186125697361176,48430338.09251984
2025-11-16 05:00:51.617,0.009129640747283332,0.009129640747283332,0.009129640747283332,0.009129640747283332,49070910.346686855
2025-11-16 06:00:50.743,0.009161667681906098,0.009161667681906098,0.009161667681906098,0.009161667681906098,48167459.85519785
2025-11-16 07:03:10.545,0.009176997622231392,0.009176997622231392,0.009176997622231392,0.009176997622231392,47100650.086145446
2025-11-16 08:01:44.254,0.00916282372830436,0.00916282372830436,0.00916282372830436,0.00916282372830436,47020891.13730303
2025-11-16 09:04:37.636,0.00911051188911447,0.00911051188911447,0.00911051188911447,0.00911051188911447,47297773.19508406
2025-11-16 10:01:24.493,0.009176978959039865,0.009176978959039865,0.009176978959039865,0.009176978959039865,47494781.23774331
2025-11-16 11:01:50.336,0.009173547141710934,0.009173547141710934,0.009173547141710934,0.009173547141710934,47454975.3893495
2025-11-16 12:01:42.920,0.00897457760621419,0.00897457760621419,0.00897457760621419,0.00897457760621419,47652017.99267491
2025-11-16 13:03:29.556,0.009007324306198893,0.009007324306198893,0.009007324306198893,0.009007324306198893,48920714.79985428
2025-11-16 14:01:15.590,0.008910683128490731,0.008910683128490731,0.008910683128490731,0.008910683128490731,49329136.143047795
2025-11-16 15:00:51.507,0.008990638465387498,0.008990638465387498,0.008990638465387498,0.008990638465387498,48827129.83659091
2025-11-16 16:02:21.018,0.008788541633223405,0.008788541633223405,0.008788541633223405,0.008788541633223405,50270813.8422815
2025-11-16 17:01:42.495,0.008643839116909044,0.008643839116909044,0.008643839116909044,0.008643839116909044,52996156.048954815
2025-11-16 18:01:48.467,0.00855644255661528,0.00855644255661528,0.00855644255661528,0.00855644255661528,56209065.08354122
2025-11-16 19:02:39.848,0.008461807946766747,0.008461807946766747,0.008461807946766747,0.008461807946766747,94735882.72971186
2025-11-16 20:01:11.023,0.00842114110690059,0.00842114110690059,0.00842114110690059,0.00842114110690059,99430529.98790877
2025-11-16 21:04:15.408,0.008402787654414977,0.008402787654414977,0.008402787654414977,0.008402787654414977,100878415.29522225
2025-11-16 22:00:21.402,0.00839398083101451,0.00839398083101451,0.00839398083101451,0.00839398083101451,103361682.24613112
2025-11-16 23:02:31.658,0.008543971343529851,0.008543971343529851,0.008543971343529851,0.008543971343529851,106038916.97489624
2025-11-17 00:01:02.428,0.008586568599068424,0.008586568599068424,0.008586568599068424,0.008586568599068424,108744611.81953487
2025-11-17 01:00:25.272,0.008668699433923972,0.008668699433923972,0.008668699433923972,0.008668699433923972,111066973.43678276
2025-11-17 02:01:41.646,0.008610804999326765,0.008610804999326765,0.008610804999326765,0.008610804999326765,111112281.19614951
2025-11-17 03:02:10.743,0.008678518612636944,0.008678518612636944,0.008678518612636944,0.008678518612636944,112318799.62066557
2025-11-17 04:00:34.432,0.00872503029050104,0.00872503029050104,0.00872503029050104,0.00872503029050104,108753328.32924433
2025-11-17 05:01:13.461,0.008709850368761736,0.008709850368761736,0.008709850368761736,0.008709850368761736,111921234.52111314
2025-11-17 06:01:16.440,0.008737223183134675,0.008737223183134675,0.008737223183134675,0.008737223183134675,111142846.35538954
2025-11-17 07:00:57.289,0.008781477721543189,0.008781477721543189,0.008781477721543189,0.008781477721543189,114408906.83242054
2025-11-17 08:00:59.034,0.00878117885558919,0.00878117885558919,0.00878117885558919,0.00878117885558919,114882832.25080611
2025-11-17 09:00:22.190,0.008773068952337626,0.008773068952337626,0.008773068952337626,0.008773068952337626,113754024.99389698
2025-11-17 10:01:42.870,0.008806799783885348,0.008806799783885348,0.008806799783885348,0.008806799783885348,113877031.62980537
2025-11-17 11:01:28.006,0.008860213061466556,0.008860213061466556,0.008860213061466556,0.008860213061466556,114118444.09155184
2025-11-17 12:01:12.356,0.008887847400648179,0.008887847400648179,0.008887847400648179,0.008887847400648179,113461127.06890875
2025-11-17 13:01:13.027,0.008885400162511334,0.008885400162511334,0.008885400162511334,0.008885400162511334,112257107.38753007
2025-11-17 14:01:10.501,0.008645870051187941,0.008645870051187941,0.008645870051187941,0.008645870051187941,113862385.35532738
2025-11-17 15:01:23.864,0.008852696442555421,0.008852696442555421,0.008852696442555421,0.008852696442555421,121341213.28872798
2025-11-17 16:01:11.212,0.008652060335047198,0.008652060335047198,0.008652060335047198,0.008652060335047198,123309977.81871742
2025-11-17 17:01:19.954,0.0087483328680904,0.0087483328680904,0.0087483328680904,0.0087483328680904,124614367.92953159
2025-11-17 18:00:44.116,0.00856220190902183,0.00856220190902183,0.00856220190902183,0.00856220190902183,120342183.15334748
2025-11-17 19:02:03.483,0.00851218999665349,0.00851218999665349,0.00851218999665349,0.00851218999665349,86921450.42950483
2025-11-17 20:00:46.891,0.008402963139987002,0.008402963139987002,0.008402963139987002,0.008402963139987002,84542054.77752954
2025-11-17 21:00:16.720,0.008364325990325333,0.008364325990325333,0.008364325990325333,0.008364325990325333,85751249.70273201
2025-11-17 22:01:11.084,0.008330284449615866,0.008330284449615866,0.008330284449615866,0.008330284449615866,85388547.69424628
2025-11-17 23:02:55.746,0.008421078449987678,0.008421078449987678,0.008421078449987678,0.008421078449987678,81221128.82855096
2025-11-18 00:01:02.043,0.008435561453477302,0.008435561453477302,0.008435561453477302,0.008435561453477302,81721503.91061705
2025-11-18 01:01:32.106,0.00846427717100801,0.00846427717100801,0.00846427717100801,0.00846427717100801,82564548.80294019
2025-11-18 02:01:47.335,0.008515420522987947,0.008515420522987947,0.008515420522987947,0.008515420522987947,82190327.67452165
2025-11-18 03:01:36.777,0.008557036967627682,0.008557036967627682,0.008557036967627682,0.008557036967627682,83216323.98923731
2025-11-18 04:01:43.451,0.00860102020429877,0.00860102020429877,0.00860102020429877,0.00860102020429877,86941641.88666745
2025-11-18 05:01:11.801,0.008640609526625936,0.008640609526625936,0.008640609526625936,0.008640609526625936,89003439.05236167
2025-11-18 06:06:01.289,0.008638388211567023,0.008638388211567023,0.008638388211567023,0.008638388211567023,89766539.85358852
2025-11-18 07:01:14.201,0.00853568299651183,0.00853568299651183,0.00853568299651183,0.00853568299651183,90713300.12470643
2025-11-18 08:00:30.924,0.008570424893357277,0.008570424893357277,0.008570424893357277,0.008570424893357277,91940554.89359151
2025-11-18 09:01:30.003,0.008630838550201454,0.008630838550201454,0.008630838550201454,0.008630838550201454,93949647.33225693
2025-11-18 10:01:39.777,0.008627041180070728,0.008627041180070728,0.008627041180070728,0.008627041180070728,94376091.77620816
2025-11-18 11:01:57.728,0.008633978435433804,0.008633978435433804,0.008633978435433804,0.008633978435433804,91011665.36592758
2025-11-18 12:00:50.219,0.008586029364120165,0.008586029364120165,0.008586029364120165,0.008586029364120165,94228244.4667655
2025-11-18 13:01:11.678,0.008601858997747744,0.008601858997747744,0.008601858997747744,0.008601858997747744,94536540.8847606
2025-11-18 14:01:41.142,0.008608009858728448,0.008608009858728448,0.008608009858728448,0.008608009858728448,92900291.35089241
2025-11-18 15:02:15.540,0.008597411255303833,0.008597411255303833,0.008597411255303833,0.008597411255303833,87355900.52026127
2025-11-18 16:03:01.639,0.008738083657751321,0.008738083657751321,0.008738083657751321,0.008738083657751321,85391872.71826765
2025-11-18 17:01:50.147,0.008847252971818003,0.008847252971818003,0.008847252971818003,0.008847252971818003,83508736.51520817
2025-11-18 18:01:20.350,0.0087566648870938,0.0087566648870938,0.0087566648870938,0.0087566648870938,79574588.04784188
2025-11-18 19:01:27.043,0.008821167884204844,0.008821167884204844,0.008821167884204844,0.008821167884204844,77113490.7477748
2025-11-18 20:01:09.846,0.008794903701944697,0.008794903701944697,0.008794903701944697,0.008794903701944697,75883801.00796655
2025-11-18 21:01:30.482,0.008761762350863483,0.008761762350863483,0.008761762350863483,0.008761762350863483,72055920.99953285
2025-11-18 22:02:53.406,0.008641378912581488,0.008641378912581488,0.008641378912581488,0.008641378912581488,69364769.81659742
2025-11-18 23:01:53.139,0.008740032352492119,0.008740032352492119,0.008740032352492119,0.008740032352492119,68438496.81587072
2025-11-19 00:01:00.757,0.008687297224690348,0.008687297224690348,0.008687297224690348,0.008687297224690348,63547615.96863618
2025-11-19 01:00:40.116,0.008649583040166645,0.008649583040166645,0.008649583040166645,0.008649583040166645,62105894.90438321
2025-11-19 02:03:08.115,0.008638027974216506,0.008638027974216506,0.008638027974216506,0.008638027974216506,64274762.03251143
2025-11-19 03:01:18.755,0.008656349568905196,0.008656349568905196,0.008656349568905196,0.008656349568905196,61248999.43995709
2025-11-19 04:01:19.108,0.008542110267657404,0.008542110267657404,0.008542110267657404,0.008542110267657404,56816357.19131767
2025-11-19 05:03:31.232,0.008493833547339402,0.008493833547339402,0.008493833547339402,0.008493833547339402,55011522.17969823
2025-11-19 06:02:37.897,0.00833116735689847,0.00833116735689847,0.00833116735689847,0.00833116735689847,55205796.36627255
2025-11-19 07:02:25.850,0.008427009992232195,0.008427009992232195,0.008427009992232195,0.008427009992232195,55524918.54506575
2025-11-19 08:00:48.457,0.008506711503342744,0.008506711503342744,0.008506711503342744,0.008506711503342744,53653925.98017269
2025-11-19 09:00:38.215,0.008499953895488988,0.008499953895488988,0.008499953895488988,0.008499953895488988,52634909.274322435
2025-11-19 10:02:13.387,0.00846238876500462,0.00846238876500462,0.00846238876500462,0.00846238876500462,53197122.034635544
2025-11-19 11:01:42.085,0.008456820919570968,0.008456820919570968,0.008456820919570968,0.008456820919570968,52694077.34299503
2025-11-19 12:01:10.349,0.00841990533370191,0.00841990533370191,0.00841990533370191,0.00841990533370191,51550697.74464892
2025-11-19 13:01:39.459,0.008466026075974119,0.008466026075974119,0.008466026075974119,0.008466026075974119,51150731.129557386
2025-11-19 14:02:28.714,0.008394120891046552,0.008394120891046552,0.008394120891046552,0.008394120891046552,50648734.63426856
2025-11-19 15:02:11.218,0.008397539223659862,0.008397539223659862,0.008397539223659862,0.008397539223659862,50724183.011519335
2025-11-19 16:01:43.630,0.00825269294228188,0.00825269294228188,0.00825269294228188,0.00825269294228188,50622891.019644246
2025-11-19 17:00:24.435,0.008130451876769033,0.008130451876769033,0.008130451876769033,0.008130451876769033,52183374.8090651
2025-11-19 18:01:11.631,0.008161101685835271,0.008161101685835271,0.008161101685835271,0.008161101685835271,53818580.4739737
2025-11-19 19:02:16.835,0.008010121669942808,0.008010121669942808,0.008010121669942808,0.008010121669942808,55756000.145377874
2025-11-19 20:01:36.687,0.008050977938055216,0.008050977938055216,0.008050977938055216,0.008050977938055216,57878636.33437572
2025-11-19 21:03:05.810,0.00817188610397715,0.00817188610397715,0.00817188610397715,0.00817188610397715,60124219.51175174
2025-11-19 22:01:01.242,0.008334217217042342,0.008334217217042342,0.008334217217042342,0.008334217217042342,63343382.84279174
2025-11-19 23:02:19.163,0.008295198492462111,0.008295198492462111,0.008295198492462111,0.008295198492462111,62938598.36305502
2025-11-20 00:03:15.322,0.008346371670932568,0.008346371670932568,0.008346371670932568,0.008346371670932568,64311558.68522082
2025-11-20 01:01:25.636,0.008334447298646916,0.008334447298646916,0.008334447298646916,0.008334447298646916,63035276.872306526
2025-11-20 02:01:30.193,0.008387825472224527,0.008387825472224527,0.008387825472224527,0.008387825472224527,63235404.551538266
2025-11-20 03:01:22.033,0.008422571468577894,0.008422571468577894,0.008422571468577894,0.008422571468577894,64358102.51889085
2025-11-20 04:01:15.762,0.008397645971490625,0.008397645971490625,0.008397645971490625,0.008397645971490625,61098024.86951817
2025-11-20 05:01:46.166,0.008421936033530414,0.008421936033530414,0.008421936033530414,0.008421936033530414,61050418.40240043
2025-11-20 06:01:08.393,0.008438767255770056,0.008438767255770056,0.008438767255770056,0.008438767255770056,59528667.69448881
2025-11-20 07:02:25.199,0.008408458328254015,0.008408458328254015,0.008408458328254015,0.008408458328254015,62741983.73248028
2025-11-20 08:00:48.837,0.008490774597151363,0.008490774597151363,0.008490774597151363,0.008490774597151363,63336636.2002404
2025-11-20 09:00:15.929,0.008498434698106364,0.008498434698106364,0.008498434698106364,0.008498434698106364,62801363.359775335
2025-11-20 10:01:13.392,0.008476741242209873,0.008476741242209873,0.008476741242209873,0.008476741242209873,62870061.91516925
2025-11-20 11:01:19.151,0.008462495560685918,0.008462495560685918,0.008462495560685918,0.008462495560685918,62672525.47492612
2025-11-20 12:01:23.193,0.008487621416782045,0.008487621416782045,0.008487621416782045,0.008487621416782045,62868612.61205462
2025-11-20 13:00:51.796,0.008659352448308765,0.008659352448308765,0.008659352448308765,0.008659352448308765,65581241.73023751
2025-11-20 14:01:46.851,0.008621920579545713,0.008621920579545713,0.008621920579545713,0.008621920579545713,69477225.66482185
2025-11-20 15:01:04.164,0.008673285211261959,0.008673285211261959,0.008673285211261959,0.008673285211261959,70948726.94180743
2025-11-20 16:01:00.196,0.00854034742633802,0.00854034742633802,0.00854034742633802,0.00854034742633802,68728934.67175496
2025-11-20 17:00:49.317,0.008151408964249237,0.008151408964249237,0.008151408964249237,0.008151408964249237,73766439.03944775
2025-11-20 18:05:50.157,0.007968790697631728,0.007968790697631728,0.007968790697631728,0.007968790697631728,78967379.92143618
2025-11-20 19:02:35.738,0.007934871513594833,0.007934871513594833,0.007934871513594833,0.007934871513594833,80479075.35942021
2025-11-20 20:01:59.311,0.00804980138974226,0.00804980138974226,0.00804980138974226,0.00804980138974226,79604686.79915054
2025-11-20 21:01:52.649,0.008010145019105429,0.008010145019105429,0.008010145019105429,0.008010145019105429,82127091.20537958
2025-11-20 22:01:38.275,0.00815634860547327,0.00815634860547327,0.00815634860547327,0.00815634860547327,80958130.13719222
2025-11-20 23:07:46.515,0.008223978500765085,0.008223978500765085,0.008223978500765085,0.008223978500765085,82143025.2895535
2025-11-21 00:01:01.992,0.008012808048167706,0.008012808048167706,0.008012808048167706,0.008012808048167706,82977336.01334912
2025-11-21 01:01:13.194,0.008146022685867399,0.008146022685867399,0.008146022685867399,0.008146022685867399,84879143.17133602
2025-11-21 02:00:32.963,0.00822378813676616,0.00822378813676616,0.00822378813676616,0.00822378813676616,87396403.96187901
2025-11-21 03:01:31.980,0.00803394880749096,0.00803394880749096,0.00803394880749096,0.00803394880749096,89002915.7766211
2025-11-21 04:00:19.474,0.008103242486098738,0.008103242486098738,0.008103242486098738,0.008103242486098738,91896635.37408964
2025-11-21 05:00:08.765,0.00799705214060129,0.00799705214060129,0.00799705214060129,0.00799705214060129,93626398.13724908
2025-11-21 06:02:59.527,0.007946319334700096,0.007946319334700096,0.007946319334700096,0.007946319334700096,95055724.74723937
2025-11-21 07:02:03.698,0.007973073778843627,0.007973073778843627,0.007973073778843627,0.007973073778843627,95571676.65299724
2025-11-21 08:02:06.758,0.007497842489054718,0.007497842489054718,0.007497842489054718,0.007497842489054718,107589260.82434179
2025-11-21 09:03:35.241,0.007604601677254159,0.007604601677254159,0.007604601677254159,0.007604601677254159,114364436.09131312
2025-11-21 10:03:54.236,0.007433333974111523,0.007433333974111523,0.007433333974111523,0.007433333974111523,116455008.6678827
2025-11-21 11:00:32.783,0.007419279902578737,0.007419279902578737,0.007419279902578737,0.007419279902578737,120390023.67613588
2025-11-21 12:00:34.474,0.007332925865869247,0.007332925865869247,0.007332925865869247,0.007332925865869247,122207066.7654984
2025-11-21 13:01:02.281,0.0075086191346304424,0.0075086191346304424,0.0075086191346304424,0.0075086191346304424,128826712.67909653
2025-11-21 14:02:18.243,0.007511542214106015,0.007511542214106015,0.007511542214106015,0.007511542214106015,128056826.39245689
2025-11-21 15:02:39.519,0.007610806227140143,0.007610806227140143,0.007610806227140143,0.007610806227140143,130206072.35231562
2025-11-21 16:01:20.736,0.007452628728283696,0.007452628728283696,0.007452628728283696,0.007452628728283696,129194298.30371009
2025-11-21 17:00:50.094,0.007585534861166704,0.007585534861166704,0.007585534861166704,0.007585534861166704,127064505.2969859
2025-11-21 18:03:00.330,0.007675564144701305,0.007675564144701305,0.007675564144701305,0.007675564144701305,117571055.60085508
2025-11-21 19:00:25.347,0.007726519916005843,0.007726519916005843,0.007726519916005843,0.007726519916005843,119792860.63245334
2025-11-21 20:01:27.446,0.0076428900154997285,0.0076428900154997285,0.0076428900154997285,0.0076428900154997285,117367629.41505438
2025-11-21 21:01:25.302,0.007533470692443934,0.007533470692443934,0.007533470692443934,0.007533470692443934,116962152.97798629
2025-11-21 22:01:12.642,0.007656122555251445,0.007656122555251445,0.007656122555251445,0.007656122555251445,116076864.32387005
2025-11-21 23:01:30.741,0.007401062783815823,0.007401062783815823,0.007401062783815823,0.007401062783815823,117244481.98062809
2025-11-22 00:08:11.810,0.007560538657650034,0.007560538657650034,0.007560538657650034,0.007560538657650034,117089854.64983365
2025-11-22 01:01:24.017,0.007547205854740192,0.007547205854740192,0.007547205854740192,0.007547205854740192,116428826.37602991
2025-11-22 02:01:11.631,0.007593968795955335,0.007593968795955335,0.007593968795955335,0.007593968795955335,115281206.13101041
2025-11-22 03:00:35.322,0.007511407923701108,0.007511407923701108,0.007511407923701108,0.007511407923701108,112971438.74281433
2025-11-22 04:02:58.407,0.007489708552500741,0.007489708552500741,0.007489708552500741,0.007489708552500741,107386751.3466859
2025-11-22 05:01:06.445,0.007429653201715383,0.007429653201715383,0.007429653201715383,0.007429653201715383,108006727.66038404
2025-11-22 06:01:39.698,0.0073642807227577885,0.0073642807227577885,0.0073642807227577885,0.0073642807227577885,107098833.33497085
2025-11-22 07:00:41.893,0.00745963207345963,0.00745963207345963,0.00745963207345963,0.00745963207345963,106834965.96750662
2025-11-22 08:01:13.141,0.00747689773568921,0.00747689773568921,0.00747689773568921,0.00747689773568921,93015867.3882642
2025-11-22 09:03:50.433,0.007352984372674718,0.007352984372674718,0.007352984372674718,0.007352984372674718,87247741.72636707
2025-11-22 10:02:19.709,0.007425908473675044,0.007425908473675044,0.007425908473675044,0.007425908473675044,83491959.04579344
2025-11-22 11:01:57.183,0.007352146722865821,0.007352146722865821,0.007352146722865821,0.007352146722865821,82056115.46148047
2025-11-22 12:07:26.607,0.007434938185529749,0.007434938185529749,0.007434938185529749,0.007434938185529749,79753359.20044705
2025-11-22 13:01:42.164,0.007344174569369088,0.007344174569369088,0.007344174569369088,0.007344174569369088,72463200.52985786
2025-11-22 14:03:42.930,0.00734422633451322,0.00734422633451322,0.00734422633451322,0.00734422633451322,71206988.16684829
2025-11-22 15:06:52.342,0.007452903601790354,0.007452903601790354,0.007452903601790354,0.007452903601790354,67268629.3894635
2025-11-22 16:01:07.016,0.00738195746260322,0.00738195746260322,0.00738195746260322,0.00738195746260322,65391282.97775753
2025-11-22 17:00:07.827,0.007474767875792481,0.007474767875792481,0.007474767875792481,0.007474767875792481,61593341.237967305
2025-11-22 18:02:28.165,0.00742405666947258,0.00742405666947258,0.00742405666947258,0.00742405666947258,58789525.43711381
2025-11-22 19:01:15.253,0.00742371171245788,0.00742371171245788,0.00742371171245788,0.00742371171245788,55916098.67739808
2025-11-22 20:00:35.571,0.00741972491493021,0.00741972491493021,0.00741972491493021,0.00741972491493021,54850729.8608691
2025-11-22 21:01:30.896,0.007364273891567435,0.007364273891567435,0.007364273891567435,0.007364273891567435,52901247.71146063
2025-11-22 22:00:04.210,0.007403422937860997,0.007403422937860997,0.007403422937860997,0.007403422937860997,50661481.432968155
2025-11-22 23:01:40.696,0.007495423199230983,0.007495423199230983,0.007495423199230983,0.007495423199230983,50515052.0437916
2025-11-23 00:01:10.815,0.007419066029557855,0.007419066029557855,0.007419066029557855,0.007419066029557855,48078538.112305254
2025-11-23 01:02:02.941,0.0073928854885374415,0.0073928854885374415,0.0073928854885374415,0.0073928854885374415,43992109.883080915
2025-11-23 02:01:07.522,0.007487508683595518,0.007487508683595518,0.007487508683595518,0.007487508683595518,46705621.18383012
2025-11-23 03:01:02.875,0.007523449390395528,0.007523449390395528,0.007523449390395528,0.007523449390395528,46483883.34766984
2025-11-23 04:01:25.698,0.007504630166437262,0.007504630166437262,0.007504630166437262,0.007504630166437262,46276898.31201655
2025-11-23 05:01:52.243,0.007573402446375455,0.007573402446375455,0.007573402446375455,0.007573402446375455,42533269.89987602
2025-11-23 05:42:28.000,0.007552488794434749,0.007552488794434749,0.007552488794434749,0.007552488794434749,43794270.718947
